,2014 Crimean crisis,2014 FIFA World Cup,2014 Ferguson unrest,2014 Hong Kong protests,2014 Israel–Gaza conflict,2014 Winter Olympics,Chibok schoolgirl kidnapping,Cuba–United States relations,Ebola virus epidemic in West Africa,Eurovision Song Contest 2014,Felipe VI of Spain,Gamergate controversy,Heartbleed,Ice Bucket Challenge,"Indian general election, 2014",Islamic State of Iraq and the Levant,Malaysia Airlines Flight 17,Malaysia Airlines Flight 370,Minecraft,Rosetta spacecraft,"Scottish independence referendum, 2014",Sinking of the MV Sewol,Soma mine disaster,"United States elections, 2014"
2013-12-01,0.0,9471.0,0.0,0.0,0.0,5693.0,0.0,278.0,0.0,3117.0,0.0,0.0,0.0,0.0,2326.0,472.0,0.0,0.0,10764.0,189.0,1868.0,0.0,0.0,268.0
2013-12-02,0.0,14587.0,0.0,0.0,0.0,7428.0,0.0,516.0,0.0,2640.0,0.0,0.0,0.0,0.0,3544.0,529.0,0.0,0.0,10282.0,220.0,2097.0,0.0,0.0,458.0
2013-12-03,0.0,24071.0,0.0,0.0,0.0,6414.0,0.0,678.0,0.0,2381.0,0.0,0.0,0.0,0.0,3527.0,654.0,0.0,0.0,9957.0,236.0,1741.0,0.0,0.0,444.0
2013-12-04,0.0,25208.0,0.0,0.0,0.0,7061.0,0.0,702.0,0.0,2664.0,0.0,0.0,0.0,0.0,5181.0,749.0,0.0,0.0,32097.0,308.0,2529.0,0.0,0.0,490.0
2013-12-05,0.0,26265.0,0.0,0.0,0.0,6884.0,0.0,669.0,0.0,4639.0,0.0,0.0,0.0,0.0,4143.0,807.0,0.0,0.0,10875.0,225.0,2112.0,0.0,0.0,494.0
2013-12-06,0.0,201519.0,0.0,0.0,0.0,7558.0,0.0,553.0,0.0,3650.0,1.0,0.0,0.0,0.0,3146.0,707.0,0.0,0.0,10365.0,164.0,1631.0,0.0,0.0,429.0
2013-12-07,0.0,96299.0,0.0,0.0,0.0,6170.0,0.0,314.0,0.0,3525.0,0.0,0.0,0.0,0.0,2884.0,538.0,0.0,0.0,10646.0,124.0,1355.0,0.0,0.0,249.0
2013-12-08,0.0,37369.0,0.0,0.0,0.0,7552.0,0.0,367.0,0.0,3148.0,0.0,0.0,0.0,0.0,15074.0,635.0,0.0,0.0,10705.0,388.0,1982.0,0.0,0.0,272.0
2013-12-09,0.0,33564.0,0.0,0.0,0.0,9646.0,0.0,701.0,0.0,2851.0,0.0,0.0,0.0,0.0,11609.0,657.0,0.0,0.0,10351.0,256.0,1826.0,0.0,0.0,401.0
2013-12-10,0.0,22825.0,0.0,0.0,0.0,8045.0,0.0,2104.0,0.0,2443.0,0.0,0.0,0.0,0.0,5901.0,893.0,0.0,0.0,11000.0,1156.0,1632.0,0.0,0.0,507.0
2013-12-11,0.0,17522.0,0.0,0.0,0.0,8508.0,0.0,2334.0,0.0,2536.0,0.0,0.0,0.0,0.0,3903.0,847.0,0.0,0.0,10545.0,835.0,1471.0,0.0,0.0,526.0
2013-12-12,0.0,14785.0,0.0,0.0,0.0,7777.0,0.0,947.0,0.0,2818.0,1.0,0.0,0.0,0.0,2730.0,721.0,0.0,0.0,10559.0,406.0,1990.0,0.0,0.0,444.0
2013-12-13,0.0,13102.0,0.0,0.0,0.0,6421.0,0.0,630.0,0.0,3042.0,0.0,0.0,0.0,0.0,2124.0,708.0,0.0,0.0,10656.0,228.0,1463.0,0.0,0.0,376.0
2013-12-14,0.0,10507.0,0.0,0.0,0.0,5886.0,0.0,284.0,0.0,3385.0,0.0,0.0,0.0,0.0,1899.0,513.0,0.0,0.0,11210.0,165.0,1084.0,0.0,0.0,253.0
2013-12-15,0.0,10391.0,0.0,0.0,0.0,8032.0,0.0,416.0,0.0,3618.0,0.0,0.0,0.0,0.0,1977.0,655.0,0.0,0.0,11102.0,235.0,1199.0,0.0,0.0,250.0
2013-12-16,0.0,11361.0,0.0,0.0,0.0,10836.0,0.0,539.0,0.0,2758.0,1.0,0.0,0.0,0.0,2487.0,717.0,0.0,0.0,12787.0,306.0,1497.0,0.0,0.0,378.0
2013-12-17,0.0,10599.0,0.0,0.0,0.0,9398.0,0.0,426.0,0.0,2549.0,0.0,0.0,0.0,0.0,2181.0,633.0,0.0,0.0,13964.0,253.0,1251.0,0.0,0.0,505.0
2013-12-18,0.0,9997.0,0.0,0.0,0.0,12419.0,0.0,466.0,0.0,4025.0,0.0,0.0,0.0,0.0,2183.0,699.0,0.0,0.0,12770.0,196.0,1332.0,0.0,0.0,503.0
2013-12-19,0.0,9321.0,0.0,0.0,0.0,10604.0,0.0,453.0,0.0,4811.0,0.0,0.0,0.0,0.0,1921.0,871.0,0.0,0.0,12316.0,228.0,1283.0,0.0,0.0,495.0
2013-12-20,0.0,8143.0,0.0,0.0,0.0,9192.0,0.0,305.0,0.0,3458.0,1.0,0.0,0.0,0.0,1675.0,680.0,0.0,0.0,12122.0,268.0,1132.0,0.0,0.0,480.0
2013-12-21,0.0,6709.0,0.0,0.0,0.0,8045.0,0.0,158.0,0.0,5466.0,0.0,0.0,0.0,0.0,1368.0,484.0,0.0,0.0,11741.0,305.0,870.0,0.0,0.0,289.0
2013-12-22,0.0,7239.0,0.0,0.0,0.0,9538.0,0.0,234.0,0.0,3863.0,0.0,0.0,0.0,0.0,1466.0,438.0,0.0,0.0,11801.0,234.0,954.0,0.0,0.0,275.0
2013-12-23,0.0,7972.0,0.0,0.0,0.0,11663.0,0.0,183.0,0.0,3404.0,0.0,0.0,0.0,0.0,2351.0,531.0,0.0,0.0,12140.0,211.0,952.0,0.0,0.0,377.0
2013-12-24,0.0,7001.0,0.0,0.0,0.0,8447.0,0.0,131.0,0.0,3149.0,0.0,0.0,0.0,0.0,2267.0,547.0,0.0,0.0,11176.0,229.0,937.0,0.0,0.0,322.0
2013-12-25,0.0,6766.0,0.0,0.0,0.0,6996.0,0.0,96.0,0.0,2760.0,0.0,0.0,0.0,0.0,1751.0,412.0,0.0,0.0,11205.0,141.0,813.0,0.0,0.0,256.0
2013-12-26,0.0,7247.0,0.0,0.0,0.0,9571.0,0.0,146.0,0.0,3186.0,0.0,0.0,0.0,0.0,1899.0,589.0,0.0,0.0,12140.0,175.0,1137.0,0.0,0.0,464.0
2013-12-27,0.0,7626.0,0.0,0.0,0.0,9153.0,0.0,173.0,0.0,3501.0,2.0,0.0,0.0,0.0,2018.0,1921.0,0.0,0.0,11978.0,244.0,1206.0,0.0,0.0,526.0
2013-12-28,0.0,6681.0,0.0,0.0,0.0,9148.0,0.0,148.0,0.0,4349.0,0.0,0.0,0.0,0.0,1851.0,725.0,0.0,0.0,10697.0,147.0,1078.0,0.0,0.0,462.0
2013-12-29,0.0,6818.0,0.0,0.0,0.0,15094.0,0.0,142.0,0.0,4835.0,1.0,0.0,0.0,0.0,2220.0,618.0,0.0,0.0,11248.0,156.0,1291.0,0.0,0.0,501.0
2013-12-30,0.0,7962.0,0.0,0.0,0.0,24676.0,0.0,217.0,0.0,3336.0,0.0,0.0,0.0,0.0,2744.0,677.0,0.0,0.0,11082.0,250.0,1447.0,0.0,0.0,592.0
2013-12-31,0.0,10377.0,0.0,0.0,0.0,16874.0,0.0,196.0,0.0,3774.0,0.0,0.0,0.0,0.0,2811.0,573.0,0.0,0.0,10170.0,463.0,1945.0,0.0,0.0,594.0
2014-01-01,0.0,9564.0,0.0,0.0,0.0,15711.0,0.0,175.0,0.0,4117.0,0.0,0.0,0.0,0.0,2544.0,477.0,0.0,0.0,9754.0,511.0,2902.0,0.0,0.0,574.0
2014-01-02,0.0,9938.0,0.0,0.0,0.0,18111.0,0.0,247.0,0.0,3471.0,1.0,0.0,0.0,0.0,3418.0,1133.0,0.0,0.0,10162.0,545.0,2369.0,0.0,0.0,766.0
2014-01-03,0.0,9886.0,0.0,0.0,0.0,14964.0,0.0,208.0,0.0,3519.0,0.0,0.0,0.0,0.0,4458.0,1867.0,0.0,0.0,11041.0,313.0,1908.0,0.0,0.0,754.0
2014-01-04,0.0,7560.0,0.0,0.0,0.0,13575.0,0.0,217.0,0.0,3207.0,0.0,0.0,0.0,0.0,3437.0,4101.0,0.0,0.0,11492.0,218.0,1760.0,0.0,0.0,476.0
2014-01-05,0.0,1286.0,0.0,0.0,0.0,5203.0,0.0,60.0,0.0,463.0,0.0,0.0,0.0,0.0,348.0,1634.0,0.0,0.0,2514.0,62.0,312.0,0.0,0.0,111.0
2014-01-06,0.0,0.0,0.0,0.0,0.0,0.0,0.0,0.0,0.0,0.0,0.0,0.0,0.0,0.0,0.0,0.0,0.0,0.0,0.0,0.0,0.0,0.0,0.0,0.0
2014-01-07,0.0,12739.0,0.0,0.0,0.0,31414.0,0.0,425.0,0.0,4438.0,0.0,0.0,0.0,0.0,3732.0,19323.0,0.0,0.0,11372.0,351.0,2430.0,0.0,0.0,854.0
2014-01-08,0.0,12871.0,0.0,0.0,0.0,26787.0,0.0,396.0,0.0,3964.0,0.0,0.0,0.0,0.0,3253.0,12027.0,0.0,0.0,10354.0,384.0,2260.0,0.0,0.0,834.0
2014-01-09,0.0,11322.0,0.0,0.0,0.0,23434.0,0.0,459.0,0.0,4943.0,1.0,0.0,0.0,0.0,4109.0,9623.0,0.0,0.0,10280.0,435.0,2088.0,0.0,0.0,688.0
2014-01-10,0.0,10850.0,0.0,0.0,0.0,23282.0,0.0,613.0,0.0,5874.0,1.0,0.0,0.0,0.0,3312.0,8823.0,0.0,0.0,11167.0,340.0,1736.0,0.0,0.0,700.0
2014-01-11,0.0,9003.0,0.0,0.0,0.0,17536.0,0.0,263.0,0.0,6268.0,0.0,0.0,0.0,0.0,2316.0,5936.0,0.0,0.0,11983.0,260.0,1549.0,0.0,0.0,431.0
2014-01-12,0.0,9688.0,0.0,0.0,0.0,25497.0,0.0,311.0,0.0,5061.0,0.0,0.0,0.0,0.0,2745.0,6399.0,0.0,0.0,12312.0,319.0,1872.0,0.0,0.0,529.0
2014-01-13,0.0,12158.0,0.0,0.0,0.0,30319.0,0.0,429.0,0.0,4639.0,0.0,0.0,0.0,0.0,3481.0,5189.0,0.0,0.0,11719.0,582.0,3017.0,0.0,0.0,768.0
2014-01-14,0.0,11488.0,0.0,0.0,0.0,26218.0,0.0,431.0,0.0,3918.0,2.0,0.0,0.0,0.0,3437.0,2465.0,0.0,0.0,10975.0,495.0,2352.0,0.0,0.0,693.0
2014-01-15,0.0,12323.0,0.0,0.0,0.0,27080.0,0.0,423.0,0.0,4201.0,0.0,0.0,0.0,0.0,3592.0,2484.0,0.0,0.0,11540.0,542.0,2036.0,0.0,0.0,831.0
2014-01-16,0.0,10682.0,0.0,0.0,0.0,27300.0,0.0,462.0,0.0,4060.0,0.0,0.0,0.0,0.0,3280.0,2080.0,0.0,0.0,11728.0,988.0,2261.0,0.0,0.0,852.0
2014-01-17,0.0,9458.0,0.0,0.0,0.0,25665.0,0.0,313.0,0.0,5719.0,1.0,0.0,0.0,0.0,3562.0,1965.0,0.0,0.0,11630.0,1399.0,2134.0,0.0,0.0,765.0
2014-01-18,0.0,7477.0,0.0,0.0,0.0,19064.0,0.0,176.0,0.0,5077.0,0.0,0.0,0.0,0.0,2813.0,1582.0,0.0,0.0,11667.0,1229.0,1586.0,0.0,0.0,536.0
2014-01-19,0.0,8681.0,0.0,0.0,0.0,25969.0,0.0,220.0,0.0,4455.0,1.0,0.0,0.0,0.0,3023.0,1741.0,0.0,0.0,11785.0,2174.0,2205.0,0.0,0.0,496.0
2014-01-20,0.0,10206.0,0.0,0.0,0.0,44559.0,0.0,289.0,0.0,9789.0,0.0,0.0,0.0,0.0,3931.0,2061.0,0.0,0.0,11895.0,15713.0,1975.0,0.0,0.0,703.0
2014-01-21,0.0,10513.0,0.0,0.0,0.0,47760.0,0.0,398.0,0.0,5895.0,0.0,0.0,0.0,0.0,3901.0,2135.0,0.0,0.0,11235.0,13159.0,2142.0,0.0,0.0,754.0
2014-01-22,0.0,10566.0,0.0,0.0,0.0,42224.0,0.0,401.0,0.0,4689.0,0.0,0.0,0.0,0.0,3717.0,2082.0,0.0,0.0,12076.0,4259.0,2027.0,0.0,0.0,757.0
2014-01-23,0.0,11020.0,0.0,0.0,0.0,36076.0,0.0,432.0,0.0,4093.0,0.0,0.0,0.0,0.0,4784.0,1869.0,0.0,0.0,11392.0,2348.0,1988.0,0.0,0.0,648.0
2014-01-24,0.0,10283.0,0.0,0.0,0.0,33992.0,0.0,411.0,0.0,4069.0,0.0,0.0,0.0,0.0,4644.0,1566.0,0.0,0.0,11770.0,1819.0,2080.0,0.0,0.0,630.0
2014-01-25,0.0,8289.0,0.0,0.0,0.0,25566.0,0.0,195.0,0.0,5933.0,0.0,0.0,0.0,0.0,3549.0,1368.0,0.0,0.0,12580.0,1241.0,1858.0,0.0,0.0,423.0
2014-01-26,0.0,9038.0,0.0,0.0,0.0,31161.0,0.0,249.0,0.0,4897.0,0.0,0.0,0.0,0.0,3331.0,1662.0,0.0,0.0,12403.0,1087.0,2469.0,0.0,0.0,616.0
2014-01-27,0.0,11051.0,0.0,0.0,0.0,45646.0,0.0,456.0,0.0,4312.0,0.0,0.0,0.0,0.0,4875.0,1748.0,0.0,0.0,11954.0,1185.0,2372.0,0.0,0.0,831.0
2014-01-28,0.0,10228.0,0.0,0.0,0.0,42189.0,0.0,434.0,0.0,4061.0,0.0,0.0,0.0,0.0,6824.0,1640.0,0.0,0.0,11930.0,999.0,2392.0,0.0,0.0,890.0
2014-01-29,0.0,9717.0,0.0,0.0,0.0,43324.0,0.0,450.0,0.0,3567.0,0.0,0.0,0.0,0.0,5356.0,2225.0,0.0,0.0,12374.0,916.0,3291.0,0.0,0.0,1480.0
2014-01-30,0.0,10173.0,0.0,0.0,0.0,46195.0,0.0,441.0,0.0,3758.0,0.0,0.0,0.0,0.0,4899.0,1686.0,0.0,0.0,11212.0,931.0,2469.0,0.0,0.0,1045.0
2014-01-31,0.0,8932.0,0.0,0.0,0.0,41272.0,0.0,409.0,0.0,3694.0,1.0,0.0,0.0,0.0,4089.0,1312.0,0.0,0.0,11422.0,862.0,2015.0,0.0,0.0,798.0
2014-02-01,0.0,8287.0,0.0,0.0,0.0,31880.0,0.0,190.0,0.0,7695.0,0.0,0.0,0.0,0.0,3540.0,1172.0,0.0,0.0,11121.0,521.0,1733.0,0.0,0.0,555.0
2014-02-02,0.0,9730.0,0.0,0.0,0.0,43743.0,0.0,276.0,0.0,7596.0,0.0,0.0,0.0,0.0,3405.0,1629.0,0.0,0.0,11651.0,525.0,2224.0,0.0,0.0,592.0
2014-02-03,0.0,11649.0,0.0,0.0,0.0,70622.0,0.0,428.0,0.0,4917.0,0.0,0.0,0.0,0.0,4888.0,2643.0,0.0,0.0,10687.0,485.0,2442.0,0.0,0.0,675.0
2014-02-04,0.0,11064.0,0.0,0.0,0.0,85702.0,0.0,571.0,0.0,6110.0,1.0,0.0,0.0,0.0,4479.0,2687.0,0.0,0.0,11230.0,437.0,3072.0,0.0,0.0,834.0
2014-02-05,0.0,11530.0,0.0,0.0,0.0,119792.0,0.0,510.0,0.0,5009.0,0.0,0.0,0.0,0.0,4900.0,2118.0,0.0,0.0,11905.0,511.0,2885.0,0.0,0.0,848.0
2014-02-06,0.0,11991.0,0.0,0.0,0.0,161712.0,0.0,456.0,0.0,4554.0,0.0,0.0,0.0,0.0,4418.0,1665.0,0.0,0.0,11247.0,1171.0,2440.0,0.0,0.0,851.0
2014-02-07,0.0,14614.0,0.0,0.0,0.0,290268.0,0.0,449.0,0.0,4779.0,1.0,0.0,0.0,0.0,4261.0,1535.0,0.0,0.0,11854.0,725.0,6501.0,0.0,0.0,760.0
2014-02-08,0.0,11856.0,0.0,0.0,0.0,267149.0,0.0,224.0,0.0,6378.0,0.0,0.0,0.0,0.0,3504.0,1570.0,0.0,0.0,11175.0,425.0,3719.0,0.0,0.0,475.0
2014-02-09,0.0,10854.0,0.0,0.0,0.0,213934.0,0.0,251.0,0.0,7201.0,0.0,0.0,0.0,0.0,3818.0,1237.0,0.0,0.0,12600.0,415.0,3411.0,0.0,0.0,570.0
2014-02-10,0.0,12199.0,0.0,0.0,0.0,215997.0,0.0,462.0,0.0,4787.0,0.0,0.0,0.0,0.0,5307.0,2005.0,0.0,0.0,11319.0,518.0,3090.0,0.0,0.0,796.0
2014-02-11,0.0,12015.0,0.0,0.0,0.0,204961.0,0.0,569.0,0.0,4103.0,1.0,0.0,0.0,0.0,5159.0,2302.0,0.0,0.0,15497.0,567.0,2721.0,0.0,0.0,918.0
2014-02-12,0.0,12069.0,0.0,0.0,0.0,169568.0,0.0,644.0,0.0,3906.0,0.0,0.0,0.0,0.0,4810.0,2531.0,0.0,0.0,11197.0,408.0,3813.0,0.0,0.0,915.0
2014-02-13,0.0,11391.0,0.0,0.0,0.0,151850.0,0.0,451.0,0.0,3321.0,0.0,0.0,0.0,0.0,5959.0,2237.0,0.0,0.0,11929.0,400.0,6012.0,0.0,0.0,833.0
2014-02-14,0.0,9634.0,0.0,0.0,0.0,127012.0,0.0,381.0,0.0,4122.0,0.0,0.0,0.0,0.0,5316.0,1937.0,0.0,0.0,15062.0,345.0,4020.0,0.0,0.0,610.0
2014-02-15,0.0,9423.0,0.0,0.0,0.0,120553.0,0.0,244.0,0.0,6570.0,0.0,0.0,0.0,0.0,4452.0,1386.0,0.0,0.0,15057.0,296.0,2909.0,0.0,0.0,503.0
2014-02-16,0.0,11270.0,0.0,0.0,0.0,115634.0,0.0,302.0,0.0,6683.0,0.0,0.0,0.0,0.0,4907.0,1701.0,0.0,0.0,10050.0,246.0,4988.0,0.0,0.0,562.0
2014-02-17,0.0,11795.0,0.0,0.0,0.0,116620.0,0.0,390.0,0.0,4727.0,0.0,0.0,0.0,0.0,6625.0,3428.0,0.0,0.0,33804.0,419.0,6242.0,0.0,0.0,690.0
2014-02-18,0.0,13029.0,0.0,0.0,0.0,118827.0,0.0,466.0,0.0,4047.0,0.0,0.0,0.0,0.0,5885.0,2780.0,0.0,0.0,10554.0,459.0,4333.0,0.0,0.0,862.0
2014-02-19,0.0,12081.0,0.0,0.0,0.0,114745.0,0.0,453.0,0.0,3752.0,1.0,0.0,0.0,0.0,5392.0,1878.0,0.0,0.0,10743.0,341.0,3844.0,0.0,0.0,765.0
2014-02-20,0.0,11825.0,0.0,0.0,0.0,119860.0,0.0,486.0,0.0,4302.0,0.0,0.0,0.0,0.0,5485.0,1596.0,0.0,0.0,10724.0,344.0,5050.0,0.0,0.0,788.0
2014-02-21,0.0,11213.0,0.0,0.0,0.0,112328.0,0.0,396.0,0.0,4414.0,0.0,0.0,0.0,0.0,5826.0,1431.0,0.0,0.0,10184.0,334.0,3738.0,0.0,0.0,672.0
2014-02-22,0.0,9681.0,0.0,0.0,0.0,96374.0,0.0,237.0,0.0,10692.0,0.0,0.0,0.0,0.0,5310.0,1082.0,0.0,0.0,10744.0,227.0,2901.0,0.0,0.0,531.0
2014-02-23,0.0,14633.0,0.0,0.0,0.0,121553.0,0.0,276.0,0.0,12230.0,1.0,0.0,0.0,0.0,5240.0,1290.0,0.0,0.0,11353.0,216.0,3722.0,0.0,0.0,565.0
2014-02-24,0.0,15318.0,0.0,0.0,0.0,107466.0,0.0,514.0,0.0,7209.0,0.0,0.0,0.0,0.0,6984.0,1677.0,0.0,0.0,10432.0,315.0,4899.0,0.0,0.0,967.0
2014-02-25,0.0,13174.0,0.0,0.0,0.0,51746.0,0.0,494.0,0.0,8133.0,0.0,0.0,0.0,0.0,6795.0,1503.0,0.0,0.0,10255.0,341.0,3567.0,0.0,0.0,967.0
2014-02-26,0.0,12320.0,0.0,0.0,0.0,36225.0,0.0,539.0,0.0,6565.0,0.0,0.0,0.0,0.0,6506.0,1733.0,0.0,0.0,10318.0,333.0,3484.0,0.0,0.0,843.0
2014-02-27,0.0,13285.0,0.0,0.0,0.0,31021.0,0.0,535.0,0.0,6388.0,0.0,0.0,0.0,0.0,6434.0,2021.0,0.0,0.0,10380.0,435.0,4258.0,0.0,0.0,880.0
2014-02-28,0.0,10507.0,0.0,0.0,0.0,23616.0,0.0,473.0,0.0,7536.0,0.0,0.0,0.0,0.0,7079.0,2370.0,0.0,0.0,12852.0,348.0,3142.0,0.0,0.0,811.0
2014-03-01,14774.0,8865.0,0.0,0.0,0.0,14905.0,0.0,252.0,0.0,14533.0,0.0,0.0,0.0,0.0,5879.0,1774.0,0.0,0.0,12056.0,250.0,2873.0,0.0,0.0,555.0
2014-03-02,95306.0,9823.0,0.0,0.0,0.0,15277.0,0.0,340.0,0.0,15931.0,0.0,0.0,0.0,0.0,5675.0,1457.0,0.0,0.0,11285.0,301.0,3867.0,0.0,0.0,598.0
2014-03-03,114744.0,12820.0,0.0,0.0,0.0,17687.0,0.0,526.0,0.0,15980.0,0.0,0.0,0.0,0.0,8493.0,1405.0,0.0,0.0,11127.0,346.0,4058.0,0.0,0.0,827.0
2014-03-04,68007.0,17016.0,0.0,0.0,0.0,15300.0,0.0,492.0,0.0,11740.0,0.0,0.0,0.0,0.0,7765.0,1298.0,0.0,0.0,10362.0,368.0,3136.0,0.0,0.0,936.0
2014-03-05,42650.0,20991.0,0.0,0.0,0.0,13768.0,0.0,480.0,0.0,9426.0,0.0,0.0,0.0,0.0,42726.0,1188.0,0.0,0.0,10557.0,306.0,3147.0,0.0,0.0,1081.0
2014-03-06,52399.0,18134.0,0.0,0.0,0.0,13890.0,0.0,521.0,0.0,7656.0,0.0,0.0,0.0,0.0,12357.0,1274.0,0.0,0.0,10909.0,284.0,3827.0,0.0,0.0,853.0
2014-03-07,55333.0,13804.0,0.0,0.0,0.0,12927.0,0.0,643.0,0.0,7887.0,0.0,0.0,0.0,0.0,10012.0,1418.0,0.0,0.0,11955.0,260.0,3678.0,0.0,0.0,756.0
2014-03-08,28012.0,10196.0,0.0,0.0,0.0,8115.0,0.0,230.0,0.0,16789.0,0.0,0.0,0.0,0.0,7273.0,1138.0,0.0,254740.0,10978.0,187.0,2417.0,0.0,0.0,494.0
2014-03-09,22934.0,10405.0,0.0,0.0,0.0,8113.0,0.0,318.0,0.0,16813.0,0.0,0.0,0.0,0.0,7925.0,1223.0,0.0,268735.0,10016.0,187.0,2998.0,0.0,0.0,596.0
2014-03-10,23671.0,12704.0,0.0,0.0,0.0,9806.0,0.0,478.0,0.0,9313.0,0.0,0.0,0.0,0.0,11810.0,1583.0,0.0,288597.0,10189.0,273.0,3249.0,0.0,0.0,920.0
2014-03-11,21716.0,12357.0,0.0,0.0,0.0,8661.0,0.0,501.0,0.0,9904.0,0.0,0.0,0.0,0.0,10958.0,1274.0,0.0,238148.0,10151.0,338.0,3210.0,0.0,0.0,800.0
2014-03-12,20133.0,14155.0,0.0,0.0,0.0,7578.0,0.0,434.0,0.0,8970.0,2.0,0.0,0.0,0.0,11002.0,1143.0,0.0,201807.0,10001.0,325.0,2971.0,0.0,0.0,1136.0
2014-03-13,19311.0,12300.0,0.0,0.0,0.0,7209.0,0.0,586.0,0.0,10925.0,0.0,0.0,0.0,0.0,11102.0,1064.0,0.0,202378.0,10353.0,240.0,3066.0,0.0,0.0,946.0
2014-03-14,17227.0,10411.0,0.0,0.0,0.0,6443.0,0.0,419.0,0.0,12708.0,1.0,0.0,0.0,0.0,10848.0,1142.0,0.0,199351.0,9607.0,258.0,2993.0,0.0,0.0,725.0
2014-03-15,15287.0,8772.0,0.0,0.0,0.0,4708.0,0.0,288.0,0.0,17070.0,0.0,0.0,0.0,0.0,7964.0,1529.0,0.0,203462.0,10769.0,196.0,2539.0,0.0,0.0,583.0
2014-03-16,20476.0,10399.0,0.0,0.0,0.0,5780.0,0.0,295.0,0.0,18578.0,0.0,0.0,0.0,0.0,7587.0,1669.0,0.0,193105.0,10163.0,192.0,3752.0,0.0,0.0,660.0
2014-03-17,31013.0,12066.0,0.0,0.0,0.0,6098.0,0.0,422.0,0.0,14334.0,1.0,0.0,0.0,0.0,8704.0,1637.0,0.0,208979.0,9474.0,257.0,5050.0,0.0,0.0,905.0
2014-03-18,42898.0,12505.0,0.0,0.0,0.0,5893.0,0.0,496.0,0.0,11693.0,1.0,0.0,0.0,0.0,11224.0,1425.0,0.0,176553.0,10048.0,277.0,4725.0,0.0,0.0,911.0
2014-03-19,36142.0,13086.0,0.0,0.0,0.0,5313.0,0.0,518.0,0.0,9776.0,1.0,0.0,0.0,0.0,11765.0,1510.0,0.0,140497.0,10026.0,323.0,3724.0,0.0,0.0,940.0
2014-03-20,25581.0,12265.0,0.0,0.0,0.0,4976.0,0.0,497.0,0.0,7462.0,0.0,0.0,0.0,0.0,10633.0,1464.0,0.0,131383.0,9996.0,268.0,3435.0,0.0,0.0,757.0
2014-03-21,23908.0,11591.0,0.0,0.0,0.0,4488.0,0.0,409.0,0.0,7066.0,2.0,0.0,0.0,0.0,10342.0,1374.0,0.0,105262.0,9327.0,281.0,2994.0,0.0,0.0,686.0
2014-03-22,22031.0,9600.0,0.0,0.0,0.0,3183.0,0.0,232.0,0.0,8006.0,2.0,0.0,0.0,0.0,9188.0,1327.0,0.0,83541.0,9419.0,263.0,2546.0,0.0,0.0,482.0
2014-03-23,41270.0,10868.0,0.0,0.0,0.0,3814.0,0.0,319.0,0.0,8450.0,0.0,0.0,0.0,0.0,8438.0,1500.0,0.0,79909.0,9695.0,245.0,3986.0,0.0,0.0,673.0
2014-03-24,42621.0,13305.0,0.0,0.0,0.0,4241.0,0.0,515.0,0.0,9719.0,1.0,0.0,0.0,0.0,13781.0,1590.0,0.0,221755.0,9436.0,378.0,4110.0,0.0,0.0,811.0
2014-03-25,28739.0,14553.0,0.0,0.0,0.0,4243.0,0.0,501.0,0.0,7100.0,0.0,0.0,0.0,0.0,15369.0,1456.0,0.0,260775.0,10647.0,308.0,3751.0,0.0,0.0,834.0
2014-03-26,21946.0,13664.0,0.0,0.0,0.0,3861.0,0.0,485.0,0.0,6319.0,0.0,0.0,0.0,0.0,15344.0,1433.0,0.0,148648.0,14007.0,340.0,3298.0,0.0,0.0,810.0
2014-03-27,20409.0,13514.0,0.0,0.0,0.0,3779.0,0.0,477.0,0.0,5484.0,0.0,0.0,0.0,0.0,15505.0,1952.0,0.0,105362.0,12236.0,546.0,2974.0,0.0,0.0,927.0
2014-03-28,12756.0,11714.0,0.0,0.0,0.0,3718.0,0.0,422.0,0.0,5144.0,0.0,0.0,0.0,0.0,13757.0,1925.0,0.0,79141.0,10266.0,835.0,2554.0,0.0,0.0,754.0
2014-03-29,8012.0,10082.0,0.0,0.0,0.0,2601.0,0.0,244.0,0.0,6001.0,0.0,0.0,0.0,0.0,11615.0,1500.0,0.0,59058.0,15301.0,745.0,2813.0,0.0,0.0,569.0
2014-03-30,8495.0,11654.0,0.0,0.0,0.0,2919.0,0.0,280.0,0.0,5343.0,0.0,0.0,0.0,0.0,12896.0,1885.0,0.0,64899.0,11106.0,514.0,3351.0,0.0,0.0,595.0
2014-03-31,9191.0,14865.0,0.0,0.0,0.0,3620.0,0.0,515.0,0.0,4800.0,0.0,0.0,0.0,0.0,18972.0,1352.0,0.0,61961.0,9901.0,479.0,3093.0,0.0,0.0,883.0
2014-04-01,7787.0,15059.0,0.0,0.0,0.0,3136.0,0.0,416.0,0.0,4538.0,0.0,0.0,0.0,0.0,22089.0,1337.0,0.0,58070.0,10000.0,376.0,3516.0,0.0,0.0,900.0
2014-04-02,8418.0,16135.0,0.0,0.0,0.0,3112.0,0.0,447.0,0.0,4487.0,0.0,0.0,0.0,0.0,21646.0,5835.0,0.0,47319.0,11333.0,299.0,2984.0,0.0,0.0,930.0
2014-04-03,7511.0,18269.0,0.0,0.0,0.0,3238.0,0.0,616.0,0.0,4759.0,0.0,0.0,0.0,0.0,26117.0,2580.0,0.0,51826.0,20495.0,362.0,2972.0,0.0,0.0,829.0
2014-04-04,6661.0,14851.0,0.0,0.0,0.0,2883.0,0.0,479.0,0.0,5302.0,0.0,0.0,0.0,0.0,26099.0,1705.0,0.0,46317.0,22305.0,275.0,2437.0,0.0,0.0,673.0
2014-04-05,4973.0,13016.0,0.0,0.0,0.0,2233.0,0.0,222.0,0.0,5618.0,0.0,0.0,0.0,0.0,20627.0,1453.0,0.0,41035.0,10302.0,179.0,2463.0,0.0,0.0,550.0
2014-04-06,5179.0,13229.0,0.0,0.0,0.0,2436.0,0.0,292.0,0.0,5850.0,1.0,0.0,0.0,0.0,22466.0,1315.0,0.0,42641.0,9830.0,239.0,3238.0,0.0,0.0,631.0
2014-04-07,7852.0,15978.0,0.0,0.0,0.0,3004.0,0.0,502.0,0.0,5446.0,0.0,0.0,7.0,0.0,45656.0,1667.0,0.0,47831.0,12019.0,259.0,2982.0,0.0,0.0,980.0
2014-04-08,7313.0,16284.0,0.0,0.0,0.0,2794.0,0.0,520.0,0.0,4778.0,0.0,0.0,5281.0,0.0,36976.0,1865.0,0.0,37254.0,11337.0,263.0,3646.0,0.0,0.0,905.0
2014-04-09,6614.0,16351.0,0.0,0.0,0.0,2784.0,0.0,492.0,0.0,4840.0,0.0,0.0,21187.0,0.0,44174.0,1397.0,0.0,35470.0,10258.0,278.0,3144.0,0.0,0.0,810.0
2014-04-10,6535.0,15989.0,0.0,0.0,0.0,2510.0,0.0,535.0,0.0,4450.0,0.0,0.0,12251.0,0.0,54869.0,1478.0,0.0,31702.0,10596.0,355.0,2817.0,0.0,0.0,804.0
2014-04-11,5485.0,14200.0,0.0,0.0,0.0,2122.0,0.0,379.0,0.0,4345.0,0.0,0.0,46511.0,0.0,35825.0,1415.0,0.0,29200.0,11072.0,291.0,2861.0,0.0,0.0,779.0
2014-04-12,4522.0,11724.0,0.0,0.0,0.0,1682.0,0.0,225.0,0.0,4722.0,0.0,0.0,45995.0,0.0,23372.0,1229.0,0.0,23943.0,9930.0,201.0,3333.0,0.0,0.0,526.0
2014-04-13,6790.0,12762.0,0.0,0.0,0.0,2067.0,0.0,274.0,0.0,4839.0,0.0,0.0,61337.0,0.0,21091.0,1134.0,0.0,25084.0,9460.0,176.0,2774.0,0.0,0.0,587.0
2014-04-14,8443.0,16282.0,0.0,0.0,0.0,2217.0,0.0,430.0,0.0,5155.0,0.0,0.0,87140.0,0.0,32867.0,1337.0,0.0,30723.0,10045.0,274.0,2736.0,0.0,0.0,794.0
2014-04-15,8405.0,18179.0,0.0,0.0,0.0,2348.0,0.0,429.0,0.0,4523.0,2.0,0.0,105263.0,0.0,32489.0,1310.0,0.0,27633.0,9846.0,305.0,3418.0,0.0,0.0,801.0
2014-04-16,8223.0,16673.0,0.0,0.0,0.0,2363.0,0.0,379.0,0.0,5060.0,0.0,0.0,58330.0,0.0,32966.0,1429.0,0.0,26889.0,10092.0,281.0,2725.0,0.0,0.0,829.0
2014-04-17,8880.0,15959.0,0.0,0.0,0.0,2158.0,0.0,422.0,0.0,4757.0,0.0,0.0,51835.0,0.0,39062.0,1176.0,0.0,25666.0,9947.0,243.0,2369.0,0.0,0.0,779.0
2014-04-18,7107.0,14811.0,0.0,0.0,0.0,1755.0,0.0,284.0,0.0,4716.0,0.0,0.0,32921.0,0.0,25471.0,1188.0,0.0,21884.0,9074.0,235.0,1935.0,3.0,0.0,640.0
2014-04-19,5266.0,13072.0,0.0,0.0,0.0,1648.0,0.0,258.0,0.0,4680.0,0.0,0.0,30701.0,0.0,19359.0,1124.0,0.0,19605.0,8428.0,170.0,1922.0,0.0,0.0,458.0
2014-04-20,5377.0,13550.0,0.0,0.0,0.0,1698.0,0.0,241.0,0.0,4825.0,0.0,0.0,25244.0,0.0,17337.0,1129.0,0.0,19605.0,8282.0,217.0,2700.0,1.0,0.0,485.0
2014-04-21,7117.0,16983.0,0.0,0.0,0.0,2201.0,0.0,389.0,0.0,5176.0,0.0,0.0,31609.0,0.0,29821.0,1216.0,0.0,25549.0,9646.0,244.0,2992.0,318.0,0.0,874.0
2014-04-22,7875.0,20350.0,0.0,0.0,0.0,2209.0,0.0,425.0,0.0,5342.0,0.0,0.0,38401.0,0.0,29288.0,1577.0,0.0,24240.0,10257.0,305.0,3309.0,5874.0,0.0,941.0
2014-04-23,7810.0,22371.0,0.0,0.0,0.0,2427.0,0.0,441.0,0.0,5979.0,0.0,0.0,28414.0,0.0,36109.0,1452.0,0.0,23074.0,9307.0,331.0,3773.0,11680.0,0.0,934.0
2014-04-24,7864.0,20661.0,0.0,0.0,0.0,2198.0,0.0,472.0,0.0,5777.0,0.0,0.0,24799.0,0.0,48023.0,1350.0,0.0,21239.0,9903.0,331.0,3908.0,10165.0,0.0,890.0
2014-04-25,7908.0,19013.0,0.0,0.0,0.0,2082.0,0.0,381.0,0.0,6584.0,0.0,0.0,19697.0,0.0,31646.0,1487.0,0.0,19553.0,10736.0,296.0,2648.0,10531.0,0.0,800.0
2014-04-26,6431.0,16471.0,0.0,0.0,0.0,1716.0,0.0,242.0,0.0,7398.0,0.0,0.0,9868.0,0.0,20363.0,1833.0,0.0,15680.0,9878.0,196.0,2495.0,14039.0,0.0,498.0
2014-04-27,6250.0,17267.0,0.0,0.0,0.0,1919.0,0.0,340.0,0.0,8183.0,0.0,0.0,7903.0,0.0,19936.0,1604.0,0.0,17562.0,9572.0,225.0,2876.0,17393.0,0.0,558.0
2014-04-28,8156.0,21293.0,0.0,0.0,0.0,2286.0,0.0,543.0,0.0,10573.0,0.0,0.0,15996.0,0.0,35558.0,1666.0,0.0,21333.0,10284.0,310.0,3163.0,16053.0,0.0,971.0
2014-04-29,7863.0,23727.0,0.0,0.0,0.0,2319.0,0.0,548.0,0.0,9676.0,0.0,0.0,15684.0,0.0,36018.0,1841.0,0.0,20887.0,10130.0,295.0,2964.0,13888.0,0.0,994.0
2014-04-30,6877.0,23341.0,0.0,0.0,0.0,1946.0,0.0,479.0,0.0,10014.0,0.0,0.0,14190.0,0.0,42732.0,2591.0,0.0,17865.0,10000.0,264.0,3058.0,10199.0,0.0,1090.0
2014-05-01,6395.0,21945.0,0.0,0.0,0.0,1995.0,0.0,484.0,0.0,10883.0,0.0,0.0,11033.0,0.0,29777.0,2161.0,0.0,19726.0,9987.0,320.0,3079.0,10914.0,0.0,945.0
2014-05-02,8468.0,20893.0,0.0,0.0,0.0,1951.0,0.0,375.0,0.0,12178.0,0.0,0.0,9478.0,0.0,26378.0,2163.0,0.0,18312.0,10269.0,223.0,2535.0,12918.0,0.0,1070.0
2014-05-03,6973.0,17134.0,0.0,0.0,0.0,1549.0,0.0,298.0,0.0,15211.0,0.0,0.0,5383.0,0.0,17814.0,1791.0,0.0,12301.0,8754.0,193.0,1969.0,7778.0,0.0,775.0
2014-05-04,6917.0,18911.0,0.0,0.0,0.0,1653.0,0.0,303.0,0.0,15488.0,0.0,0.0,5205.0,0.0,17429.0,1664.0,0.0,14067.0,8650.0,199.0,3124.0,8296.0,0.0,714.0
2014-05-05,9774.0,26014.0,0.0,0.0,0.0,2010.0,0.0,531.0,0.0,17983.0,0.0,0.0,8408.0,0.0,28838.0,1678.0,0.0,16653.0,9324.0,361.0,3204.0,9040.0,0.0,1071.0
2014-05-06,7611.0,28398.0,0.0,0.0,0.0,2021.0,0.0,477.0,0.0,66348.0,0.0,0.0,8276.0,0.0,27470.0,1761.0,0.0,17030.0,10435.0,299.0,2876.0,9421.0,0.0,1257.0
2014-05-07,7127.0,35298.0,0.0,0.0,0.0,1756.0,0.0,458.0,0.0,49037.0,0.0,0.0,8244.0,0.0,33297.0,1680.0,0.0,17450.0,10391.0,375.0,2921.0,7599.0,0.0,1167.0
2014-05-08,6838.0,38652.0,0.0,0.0,0.0,1820.0,0.0,473.0,0.0,73315.0,0.0,0.0,8462.0,0.0,27321.0,1912.0,0.0,17151.0,10101.0,507.0,2622.0,6467.0,0.0,965.0
2014-05-09,6978.0,35262.0,0.0,0.0,0.0,1767.0,0.0,389.0,0.0,66247.0,0.0,0.0,6918.0,0.0,23710.0,1748.0,0.0,14693.0,9933.0,291.0,2728.0,5197.0,0.0,811.0
2014-05-10,5656.0,27101.0,0.0,0.0,0.0,1556.0,0.0,213.0,0.0,173252.0,0.0,0.0,3935.0,0.0,17598.0,1773.0,0.0,12584.0,8952.0,211.0,2264.0,2810.0,0.0,549.0
2014-05-11,6438.0,28701.0,0.0,0.0,0.0,1695.0,0.0,249.0,0.0,240290.0,0.0,0.0,3801.0,0.0,16089.0,1712.0,0.0,13779.0,8693.0,190.0,3064.0,2896.0,0.0,463.0
2014-05-12,9458.0,57916.0,0.0,0.0,0.0,2025.0,0.0,488.0,0.0,72991.0,0.0,0.0,6403.0,0.0,36948.0,1941.0,0.0,19422.0,10598.0,311.0,2870.0,3612.0,0.0,843.0
2014-05-13,7335.0,65928.0,0.0,0.0,0.0,2506.0,0.0,508.0,0.0,39403.0,0.0,0.0,6437.0,0.0,31924.0,1769.0,0.0,18268.0,10561.0,300.0,2856.0,3433.0,81.0,963.0
2014-05-14,6037.0,59669.0,0.0,0.0,0.0,2074.0,0.0,11836.0,0.0,25245.0,0.0,0.0,5814.0,0.0,26069.0,1596.0,0.0,16763.0,9490.0,278.0,2711.0,3281.0,32152.0,924.0
2014-05-15,5380.0,44088.0,0.0,0.0,0.0,1927.0,0.0,446.0,0.0,19780.0,0.0,0.0,5013.0,0.0,40836.0,1580.0,0.0,16700.0,10066.0,362.0,2889.0,4643.0,27709.0,809.0
2014-05-16,4023.0,38515.0,0.0,0.0,0.0,1541.0,0.0,385.0,0.0,16617.0,0.0,0.0,3975.0,0.0,287240.0,1521.0,0.0,13251.0,9753.0,351.0,2287.0,3315.0,17772.0,1388.0
2014-05-17,3403.0,32259.0,0.0,0.0,0.0,1407.0,0.0,229.0,0.0,13266.0,0.0,0.0,2203.0,0.0,84348.0,1292.0,0.0,11162.0,8754.0,262.0,1808.0,2257.0,9846.0,525.0
2014-05-18,3829.0,34349.0,0.0,0.0,0.0,1504.0,0.0,233.0,0.0,11606.0,1.0,0.0,2232.0,0.0,51988.0,2759.0,0.0,14259.0,8160.0,324.0,2600.0,2498.0,6791.0,563.0
2014-05-19,4943.0,48083.0,0.0,0.0,0.0,1699.0,0.0,366.0,0.0,7969.0,2.0,0.0,3981.0,0.0,58588.0,2021.0,0.0,18786.0,9242.0,350.0,2571.0,5509.0,7956.0,802.0
2014-05-20,4944.0,50044.0,0.0,0.0,0.0,2045.0,0.0,410.0,0.0,6697.0,0.0,0.0,4043.0,0.0,38538.0,2111.0,0.0,17916.0,10128.0,381.0,2603.0,3125.0,4741.0,1153.0
2014-05-21,5106.0,51558.0,0.0,0.0,0.0,1931.0,0.0,373.0,0.0,6172.0,1.0,0.0,4465.0,0.0,28251.0,1978.0,0.0,15303.0,9184.0,557.0,2344.0,3363.0,2466.0,1403.0
2014-05-22,5097.0,52905.0,0.0,0.0,0.0,1949.0,0.0,430.0,0.0,6456.0,1.0,0.0,4486.0,0.0,19844.0,1933.0,0.0,13731.0,10023.0,492.0,2890.0,2620.0,2385.0,867.0
2014-05-23,4998.0,57225.0,0.0,0.0,0.0,1904.0,0.0,306.0,0.0,6059.0,0.0,0.0,4469.0,0.0,18025.0,2374.0,0.0,12951.0,10051.0,447.0,3088.0,2380.0,1625.0,771.0
2014-05-24,3129.0,44736.0,0.0,0.0,0.0,1540.0,0.0,182.0,0.0,5856.0,1.0,0.0,2296.0,0.0,14830.0,2473.0,0.0,10639.0,8633.0,242.0,2019.0,1761.0,612.0,511.0
2014-05-25,3526.0,44889.0,0.0,0.0,0.0,1492.0,0.0,196.0,0.0,4949.0,0.0,0.0,1991.0,0.0,13450.0,1751.0,0.0,10487.0,7888.0,252.0,2379.0,1787.0,495.0,438.0
2014-05-26,4526.0,56087.0,0.0,0.0,0.0,1626.0,0.0,275.0,0.0,4691.0,0.0,0.0,2934.0,0.0,19407.0,2087.0,0.0,13752.0,8542.0,285.0,3868.0,2241.0,662.0,742.0
2014-05-27,6010.0,65280.0,0.0,0.0,0.0,1817.0,0.0,376.0,0.0,4609.0,0.0,0.0,3798.0,0.0,17498.0,2157.0,0.0,19426.0,9487.0,305.0,3001.0,2461.0,990.0,824.0
2014-05-28,5679.0,71861.0,0.0,0.0,0.0,2467.0,0.0,421.0,0.0,4148.0,0.0,0.0,3504.0,0.0,15150.0,2313.0,0.0,13552.0,9681.0,281.0,3535.0,2292.0,562.0,879.0
2014-05-29,5235.0,69283.0,0.0,0.0,0.0,1937.0,0.0,353.0,0.0,3753.0,0.0,0.0,3280.0,0.0,13447.0,1725.0,0.0,18243.0,9165.0,271.0,2645.0,2346.0,444.0,725.0
2014-05-30,4612.0,66586.0,0.0,0.0,0.0,1841.0,0.0,295.0,0.0,3643.0,1.0,0.0,2904.0,0.0,11335.0,1703.0,0.0,11070.0,8983.0,270.0,3010.0,1722.0,376.0,642.0
2014-05-31,3052.0,63279.0,0.0,0.0,0.0,1364.0,0.0,239.0,0.0,3755.0,0.0,0.0,1821.0,0.0,8906.0,1459.0,0.0,7813.0,8141.0,175.0,2080.0,1193.0,256.0,453.0
2014-06-01,3372.0,76275.0,0.0,0.0,0.0,1557.0,0.0,280.0,0.0,3647.0,0.0,0.0,2011.0,0.0,8487.0,2213.0,0.0,8594.0,9047.0,162.0,2355.0,1199.0,330.0,507.0
2014-06-02,4341.0,105535.0,0.0,0.0,0.0,1929.0,0.0,406.0,0.0,3173.0,83.0,0.0,3207.0,0.0,10542.0,2361.0,0.0,10473.0,9374.0,251.0,3140.0,1654.0,333.0,936.0
2014-06-03,4782.0,111303.0,0.0,0.0,0.0,1773.0,0.0,433.0,0.0,3158.0,14.0,0.0,3728.0,0.0,9967.0,2142.0,0.0,12927.0,10328.0,256.0,2641.0,1563.0,277.0,1167.0
2014-06-04,4848.0,114064.0,0.0,0.0,0.0,2027.0,0.0,348.0,0.0,3014.0,9.0,0.0,5474.0,0.0,9769.0,1840.0,0.0,13663.0,9833.0,615.0,2871.0,1385.0,229.0,1332.0
2014-06-05,4227.0,102993.0,0.0,0.0,0.0,1846.0,0.0,341.0,0.0,2816.0,6.0,0.0,3315.0,0.0,9058.0,1832.0,0.0,11135.0,8563.0,24798.0,3082.0,1320.0,219.0,871.0
2014-06-06,3772.0,94794.0,0.0,0.0,0.0,1572.0,0.0,320.0,0.0,2753.0,2.0,0.0,3364.0,0.0,8911.0,1648.0,0.0,8586.0,8446.0,7187.0,2546.0,1083.0,191.0,693.0
2014-06-07,2984.0,77976.0,0.0,0.0,0.0,1392.0,0.0,182.0,0.0,2657.0,2.0,0.0,1816.0,0.0,8452.0,1846.0,0.0,7533.0,7856.0,955.0,1907.0,847.0,158.0,440.0
2014-06-08,3097.0,85904.0,0.0,0.0,0.0,1491.0,0.0,250.0,0.0,2393.0,0.0,0.0,1746.0,0.0,8413.0,1858.0,0.0,11360.0,8057.0,475.0,2801.0,1013.0,212.0,497.0
2014-06-09,3463.0,135462.0,0.0,0.0,0.0,1680.0,0.0,290.0,0.0,2420.0,3.0,0.0,3038.0,0.0,9629.0,2159.0,0.0,12858.0,14766.0,447.0,4154.0,1342.0,201.0,771.0
2014-06-10,3363.0,157617.0,0.0,0.0,0.0,1873.0,0.0,294.0,0.0,2402.0,8.0,0.0,3040.0,0.0,9139.0,21759.0,0.0,11849.0,9653.0,358.0,3157.0,2578.0,195.0,827.0
2014-06-11,3283.0,204744.0,0.0,0.0,0.0,1820.0,0.0,312.0,0.0,2305.0,0.0,0.0,2839.0,0.0,8946.0,57920.0,0.0,10597.0,8461.0,341.0,4410.0,2313.0,206.0,1847.0
2014-06-12,3196.0,494388.0,0.0,0.0,0.0,2454.0,0.0,282.0,0.0,2241.0,3.0,0.0,2587.0,0.0,8702.0,49383.0,0.0,11108.0,8349.0,282.0,3789.0,1765.0,223.0,990.0
2014-06-13,2844.0,397486.0,0.0,0.0,0.0,2165.0,0.0,248.0,0.0,2029.0,1.0,0.0,2035.0,0.0,7595.0,46821.0,0.0,9429.0,7687.0,235.0,2714.0,1453.0,127.0,734.0
2014-06-14,2875.0,319278.0,0.0,0.0,0.0,2005.0,0.0,230.0,0.0,1958.0,1.0,0.0,1227.0,0.0,7627.0,26641.0,0.0,8833.0,7240.0,184.0,2107.0,1057.0,76.0,410.0
2014-06-15,2777.0,325443.0,0.0,0.0,0.0,1869.0,0.0,170.0,0.0,2023.0,0.0,0.0,1220.0,0.0,8179.0,9002.0,0.0,9426.0,6920.0,239.0,2682.0,1104.0,97.0,408.0
2014-06-16,3444.0,369885.0,0.0,0.0,0.0,2017.0,0.0,213.0,0.0,1897.0,5.0,0.0,2559.0,0.0,9529.0,8494.0,0.0,10590.0,7609.0,325.0,2799.0,1267.0,124.0,794.0
2014-06-17,3211.0,363499.0,0.0,0.0,0.0,2040.0,0.0,265.0,0.0,1996.0,10.0,0.0,2189.0,0.0,8776.0,6655.0,0.0,9903.0,7573.0,252.0,2570.0,1457.0,117.0,756.0
2014-06-18,2840.0,363083.0,0.0,0.0,0.0,1939.0,0.0,238.0,0.0,1875.0,1786.0,0.0,2059.0,0.0,8358.0,4627.0,0.0,9867.0,7623.0,254.0,2630.0,1444.0,175.0,728.0
2014-06-19,2955.0,373497.0,0.0,0.0,0.0,1728.0,0.0,237.0,0.0,2081.0,24200.0,0.0,1868.0,0.0,8912.0,3967.0,0.0,8709.0,7254.0,359.0,2588.0,1108.0,153.0,741.0
2014-06-20,2932.0,364590.0,0.0,0.0,0.0,1594.0,0.0,201.0,0.0,1786.0,11751.0,0.0,1730.0,0.0,7935.0,2366.0,0.0,8507.0,8136.0,369.0,2832.0,1107.0,127.0,591.0
2014-06-21,2403.0,277558.0,0.0,0.0,0.0,1445.0,0.0,152.0,0.0,1737.0,35789.0,0.0,1153.0,0.0,8232.0,2170.0,0.0,7625.0,6905.0,227.0,2054.0,924.0,82.0,345.0
2014-06-22,2402.0,272579.0,0.0,0.0,0.0,2556.0,0.0,173.0,0.0,1719.0,23943.0,0.0,1164.0,0.0,7887.0,2406.0,0.0,8835.0,7298.0,320.0,2310.0,1156.0,90.0,417.0
2014-06-23,2572.0,429540.0,0.0,0.0,0.0,2587.0,0.0,230.0,0.0,1676.0,28242.0,0.0,2441.0,0.0,7786.0,2804.0,0.0,9943.0,7587.0,254.0,2779.0,1219.0,85.0,641.0
2014-06-24,2784.0,406287.0,0.0,0.0,0.0,2054.0,0.0,189.0,0.0,1681.0,21766.0,0.0,2355.0,0.0,8230.0,2581.0,0.0,10440.0,7941.0,377.0,2925.0,1570.0,111.0,796.0
2014-06-25,2659.0,430292.0,0.0,0.0,0.0,1699.0,0.0,239.0,0.0,1674.0,15695.0,0.0,2072.0,0.0,7699.0,2271.0,0.0,8928.0,8418.0,300.0,2542.0,1700.0,109.0,1721.0
2014-06-26,2286.0,434577.0,0.0,0.0,0.0,1784.0,0.0,207.0,0.0,1506.0,11073.0,0.0,1779.0,0.0,7795.0,1815.0,0.0,11378.0,8148.0,281.0,2956.0,1687.0,97.0,1339.0
2014-06-27,3253.0,263690.0,0.0,0.0,0.0,1470.0,0.0,197.0,0.0,1524.0,9431.0,0.0,1484.0,0.0,7097.0,1862.0,0.0,9977.0,7809.0,265.0,2668.0,1121.0,104.0,1597.0
2014-06-28,1888.0,223307.0,0.0,0.0,0.0,1236.0,0.0,145.0,0.0,1437.0,6336.0,0.0,965.0,0.0,7045.0,1377.0,0.0,6144.0,7540.0,184.0,2454.0,817.0,89.0,1311.0
2014-06-29,1718.0,250289.0,0.0,0.0,0.0,1558.0,0.0,163.0,0.0,1380.0,5458.0,0.0,909.0,0.0,7087.0,3409.0,0.0,5632.0,8043.0,156.0,2491.0,896.0,100.0,1640.0
2014-06-30,2189.0,287389.0,0.0,0.0,0.0,1835.0,0.0,220.0,0.0,1376.0,2861.0,0.0,1657.0,0.0,8086.0,19594.0,0.0,6914.0,7944.0,277.0,3004.0,1215.0,107.0,1166.0
2014-07-01,2691.0,288826.0,0.0,0.0,0.0,1620.0,0.0,182.0,0.0,1450.0,2213.0,0.0,1569.0,0.0,7051.0,22725.0,0.0,6520.0,8436.0,355.0,2507.0,1036.0,120.0,2111.0
2014-07-02,2472.0,213831.0,0.0,0.0,0.0,1729.0,0.0,216.0,0.0,1404.0,1830.0,0.0,1523.0,0.0,5677.0,20080.0,0.0,6810.0,8809.0,366.0,2421.0,1011.0,106.0,2079.0
2014-07-03,2264.0,126362.0,0.0,0.0,0.0,1431.0,0.0,220.0,0.0,1484.0,1696.0,0.0,1560.0,0.0,5909.0,20178.0,0.0,7487.0,8458.0,406.0,2658.0,939.0,106.0,1702.0
2014-07-04,1941.0,172886.0,0.0,0.0,0.0,1399.0,0.0,178.0,0.0,1591.0,1319.0,0.0,1143.0,0.0,5006.0,14161.0,0.0,6679.0,8173.0,391.0,2696.0,929.0,78.0,1572.0
2014-07-05,2127.0,200282.0,0.0,0.0,0.0,1279.0,0.0,166.0,0.0,1421.0,1299.0,0.0,738.0,0.0,3887.0,15324.0,0.0,5926.0,8068.0,230.0,2227.0,765.0,63.0,1129.0
2014-07-06,2178.0,150384.0,0.0,0.0,0.0,1178.0,0.0,189.0,0.0,1406.0,1491.0,0.0,876.0,0.0,5475.0,21277.0,0.0,6424.0,7802.0,230.0,2490.0,811.0,87.0,995.0
2014-07-07,2696.0,125957.0,0.0,0.0,0.0,1450.0,0.0,248.0,0.0,1282.0,1632.0,0.0,1579.0,0.0,4863.0,25358.0,0.0,9896.0,10004.0,290.0,3311.0,1028.0,137.0,1990.0
2014-07-08,2278.0,199010.0,0.0,0.0,0.0,1597.0,1.0,249.0,0.0,1355.0,1444.0,0.0,1512.0,0.0,4728.0,23121.0,0.0,9624.0,8771.0,296.0,3047.0,1214.0,105.0,1577.0
2014-07-09,2436.0,265425.0,0.0,0.0,0.0,1758.0,0.0,241.0,0.0,1435.0,1646.0,0.0,1537.0,0.0,3868.0,16652.0,0.0,9038.0,9209.0,287.0,2699.0,1035.0,129.0,1961.0
2014-07-10,2454.0,184974.0,0.0,0.0,0.0,1615.0,0.0,273.0,0.0,1410.0,1556.0,0.0,1574.0,0.0,3753.0,15787.0,0.0,9146.0,9864.0,383.0,2752.0,815.0,97.0,1298.0
2014-07-11,2397.0,100480.0,0.0,0.0,0.0,1524.0,0.0,257.0,0.0,1507.0,1234.0,0.0,1355.0,0.0,2983.0,14265.0,0.0,7948.0,9293.0,338.0,3092.0,644.0,79.0,929.0
2014-07-12,2089.0,120115.0,0.0,0.0,0.0,1515.0,0.0,235.0,0.0,1339.0,1069.0,0.0,811.0,0.0,2742.0,12685.0,0.0,7353.0,9318.0,238.0,2540.0,586.0,56.0,570.0
2014-07-13,2519.0,281071.0,0.0,0.0,0.0,2375.0,0.0,187.0,0.0,1165.0,1058.0,0.0,825.0,0.0,3083.0,12256.0,0.0,8047.0,9971.0,194.0,3025.0,625.0,59.0,425.0
2014-07-14,2999.0,327116.0,0.0,0.0,0.0,2406.0,0.0,245.0,0.0,1420.0,1237.0,0.0,1417.0,0.0,2846.0,14491.0,0.0,8784.0,10594.0,388.0,3612.0,1495.0,100.0,919.0
2014-07-15,2374.0,104576.0,0.0,0.0,0.0,1745.0,81.0,198.0,0.0,1332.0,1364.0,0.0,1770.0,0.0,2839.0,13875.0,0.0,8865.0,10211.0,760.0,3094.0,1035.0,94.0,1779.0
2014-07-16,2499.0,60922.0,0.0,0.0,0.0,1440.0,1004.0,290.0,0.0,1323.0,1265.0,0.0,1810.0,0.0,2860.0,13206.0,0.0,9067.0,9895.0,778.0,3065.0,933.0,98.0,1541.0
2014-07-17,10347.0,49236.0,0.0,0.0,0.0,1787.0,1066.0,265.0,0.0,1246.0,1241.0,0.0,1678.0,0.0,2659.0,12030.0,265560.0,112101.0,8729.0,785.0,2601.0,1471.0,87.0,887.0
2014-07-18,19503.0,37100.0,0.0,0.0,0.0,1676.0,932.0,226.0,0.0,1335.0,1135.0,0.0,1324.0,0.0,2458.0,11939.0,425012.0,106217.0,8439.0,737.0,2209.0,2257.0,87.0,704.0
2014-07-19,9178.0,27131.0,0.0,0.0,0.0,1346.0,774.0,167.0,0.0,1245.0,1041.0,0.0,777.0,0.0,2314.0,12075.0,179420.0,46701.0,8713.0,461.0,1836.0,746.0,65.0,487.0
2014-07-20,7424.0,24798.0,0.0,0.0,0.0,1279.0,901.0,165.0,0.0,1270.0,1117.0,0.0,936.0,0.0,2941.0,13087.0,123316.0,33388.0,9285.0,455.0,2535.0,749.0,70.0,472.0
2014-07-21,8483.0,26562.0,0.0,0.0,0.0,1603.0,1075.0,244.0,0.0,1276.0,1162.0,0.0,1535.0,0.0,2905.0,14227.0,143199.0,36467.0,9490.0,1291.0,3146.0,889.0,88.0,846.0
2014-07-22,7127.0,24436.0,0.0,0.0,0.0,1477.0,1543.0,202.0,0.0,1300.0,1392.0,0.0,1632.0,0.0,2981.0,13418.0,103204.0,28164.0,11326.0,936.0,3269.0,3911.0,99.0,867.0
2014-07-23,5903.0,21613.0,0.0,0.0,0.0,2014.0,1555.0,193.0,0.0,1229.0,1416.0,0.0,1505.0,0.0,2506.0,12391.0,76697.0,28433.0,18706.0,579.0,3666.0,1595.0,131.0,861.0
2014-07-24,4469.0,17581.0,0.0,0.0,6385.0,1846.0,1232.0,213.0,0.0,1176.0,1246.0,0.0,1507.0,0.0,2347.0,15484.0,63793.0,31425.0,9230.0,636.0,3965.0,1223.0,93.0,819.0
2014-07-25,3673.0,17092.0,0.0,0.0,23354.0,1622.0,920.0,176.0,0.0,1249.0,1037.0,0.0,1250.0,0.0,2287.0,22138.0,43520.0,19610.0,9387.0,689.0,3192.0,1250.0,90.0,691.0
2014-07-26,2747.0,14314.0,0.0,0.0,15683.0,1611.0,638.0,193.0,0.0,1173.0,932.0,0.0,747.0,0.0,2105.0,15631.0,24419.0,13316.0,9250.0,449.0,2353.0,765.0,83.0,517.0
2014-07-27,2766.0,14518.0,0.0,0.0,15623.0,1512.0,818.0,159.0,0.0,1206.0,910.0,0.0,861.0,0.0,2113.0,15197.0,24092.0,12130.0,10769.0,420.0,2935.0,1137.0,69.0,582.0
2014-07-28,3518.0,16096.0,0.0,0.0,23580.0,1825.0,937.0,232.0,0.0,1332.0,1137.0,0.0,1373.0,0.0,2101.0,15190.0,25023.0,12838.0,11157.0,501.0,3408.0,1594.0,66.0,1018.0
2014-07-29,3766.0,16213.0,0.0,0.0,26187.0,1884.0,924.0,262.0,0.0,1285.0,1107.0,0.0,1438.0,0.0,2359.0,17545.0,25026.0,11396.0,10322.0,666.0,3641.0,1057.0,98.0,1050.0
2014-07-30,3411.0,14750.0,0.0,0.0,31865.0,1811.0,985.0,224.0,0.0,1197.0,959.0,0.0,1437.0,0.0,2166.0,19035.0,16221.0,9504.0,9145.0,585.0,3236.0,681.0,88.0,1009.0
2014-07-31,2803.0,14274.0,0.0,0.0,35057.0,1688.0,970.0,210.0,0.0,1494.0,996.0,0.0,1283.0,0.0,1902.0,17853.0,14384.0,8561.0,9323.0,859.0,3100.0,551.0,109.0,1138.0
2014-08-01,2385.0,13654.0,0.0,0.0,32106.0,1520.0,837.0,182.0,0.0,1349.0,834.0,0.0,1095.0,0.0,1862.0,14815.0,12768.0,6984.0,9519.0,2561.0,2869.0,576.0,84.0,994.0
2014-08-02,1965.0,12158.0,0.0,0.0,26702.0,1524.0,707.0,145.0,0.0,1229.0,763.0,0.0,786.0,1.0,1681.0,13753.0,8872.0,5396.0,10053.0,1394.0,2421.0,428.0,74.0,621.0
2014-08-03,2162.0,13259.0,0.0,0.0,27857.0,1635.0,629.0,160.0,0.0,1344.0,838.0,0.0,884.0,0.0,2200.0,19201.0,8989.0,5911.0,10303.0,1253.0,3213.0,544.0,77.0,609.0
2014-08-04,2583.0,14898.0,0.0,0.0,31616.0,1707.0,765.0,216.0,0.0,1349.0,1072.0,0.0,1278.0,0.0,2584.0,29901.0,10217.0,6866.0,10383.0,2495.0,3896.0,669.0,116.0,966.0
2014-08-05,4403.0,13662.0,0.0,0.0,27461.0,1407.0,819.0,264.0,0.0,1307.0,981.0,0.0,1270.0,0.0,2300.0,30733.0,9625.0,6996.0,10467.0,4690.0,5544.0,808.0,114.0,1265.0
2014-08-06,2750.0,12455.0,0.0,0.0,21529.0,1391.0,795.0,191.0,0.0,1340.0,1057.0,0.0,1679.0,0.0,2092.0,26382.0,9971.0,7450.0,9866.0,38764.0,8954.0,682.0,189.0,1224.0
2014-08-07,3115.0,12258.0,0.0,0.0,24380.0,1383.0,781.0,230.0,0.0,1362.0,929.0,0.0,1638.0,0.0,2046.0,41875.0,11296.0,7807.0,9657.0,34277.0,6137.0,682.0,102.0,1062.0
2014-08-08,2589.0,11032.0,0.0,0.0,17360.0,1205.0,732.0,174.0,0.0,1187.0,895.0,0.0,1511.0,0.0,1761.0,118974.0,9386.0,8436.0,8529.0,15118.0,4783.0,565.0,397.0,880.0
2014-08-09,2126.0,10253.0,0.0,0.0,12876.0,1114.0,600.0,142.0,0.0,1054.0,804.0,0.0,906.0,0.0,2043.0,75280.0,8269.0,5567.0,7806.0,8303.0,3446.0,477.0,106.0,559.0
2014-08-10,2115.0,10392.0,0.0,0.0,17670.0,1242.0,569.0,157.0,0.0,1250.0,914.0,0.0,907.0,2.0,1882.0,69890.0,7393.0,6732.0,8054.0,8213.0,3789.0,444.0,111.0,664.0
2014-08-11,2610.0,11657.0,0.0,0.0,14974.0,1350.0,744.0,196.0,0.0,1217.0,1035.0,0.0,1447.0,2.0,2200.0,84552.0,10293.0,7132.0,8093.0,9434.0,4545.0,592.0,84.0,994.0
2014-08-12,2483.0,11989.0,0.0,0.0,15570.0,1716.0,750.0,159.0,0.0,1257.0,901.0,0.0,1594.0,2.0,2407.0,70655.0,7785.0,6218.0,8183.0,6678.0,4591.0,671.0,72.0,1042.0
2014-08-13,2478.0,12236.0,0.0,0.0,14699.0,1747.0,795.0,188.0,0.0,1150.0,904.0,0.0,1550.0,206.0,2529.0,70306.0,10626.0,5811.0,8163.0,6699.0,4456.0,669.0,87.0,1003.0
2014-08-14,2571.0,10781.0,0.0,0.0,10804.0,1716.0,749.0,177.0,0.0,1079.0,983.0,0.0,1482.0,8222.0,1850.0,59557.0,6917.0,6709.0,8233.0,1874.0,4854.0,871.0,84.0,920.0
2014-08-15,2757.0,10292.0,0.0,0.0,7174.0,1503.0,914.0,153.0,0.0,1103.0,1087.0,0.0,1278.0,53098.0,1912.0,42976.0,6565.0,7977.0,8204.0,1629.0,4161.0,771.0,85.0,853.0
2014-08-16,1990.0,9067.0,0.0,0.0,5396.0,1157.0,704.0,130.0,0.0,1028.0,756.0,0.0,933.0,39323.0,1656.0,36098.0,5135.0,6677.0,7534.0,1077.0,4493.0,623.0,72.0,544.0
2014-08-17,2135.0,9475.0,0.0,0.0,9650.0,1415.0,748.0,162.0,0.0,1120.0,766.0,0.0,882.0,111205.0,1721.0,42694.0,5994.0,6139.0,7901.0,996.0,6018.0,581.0,115.0,560.0
2014-08-18,2404.0,10447.0,0.0,0.0,9678.0,1405.0,768.0,180.0,0.0,1019.0,879.0,0.0,1336.0,303058.0,2030.0,39451.0,7420.0,7350.0,8673.0,1169.0,7236.0,609.0,92.0,958.0
2014-08-19,2433.0,11674.0,5775.0,0.0,12456.0,1385.0,779.0,213.0,0.0,1087.0,997.0,0.0,1250.0,442656.0,2186.0,42423.0,8490.0,7797.0,8351.0,1427.0,5142.0,762.0,84.0,977.0
2014-08-20,2330.0,10486.0,11383.0,0.0,11913.0,1381.0,761.0,226.0,0.0,961.0,936.0,0.0,1917.0,539338.0,2175.0,156273.0,6353.0,7545.0,8507.0,1579.0,6503.0,621.0,92.0,1004.0
2014-08-21,2315.0,10880.0,9777.0,0.0,15402.0,1466.0,824.0,235.0,0.0,1041.0,940.0,0.0,1530.0,559582.0,2370.0,120322.0,7859.0,7166.0,10318.0,1293.0,5849.0,592.0,67.0,971.0
2014-08-22,2412.0,9900.0,6304.0,0.0,10480.0,1406.0,699.0,212.0,0.0,973.0,929.0,0.0,1130.0,499542.0,2175.0,111899.0,16837.0,11532.0,9117.0,1275.0,5831.0,613.0,69.0,882.0
2014-08-23,1845.0,9322.0,5240.0,0.0,9740.0,1954.0,561.0,152.0,0.0,872.0,729.0,0.0,771.0,343515.0,2024.0,65039.0,6717.0,6270.0,8345.0,746.0,4329.0,466.0,62.0,608.0
2014-08-24,2205.0,9893.0,6247.0,0.0,10041.0,1379.0,666.0,184.0,0.0,1047.0,802.0,0.0,812.0,338518.0,1958.0,65006.0,7747.0,6384.0,8166.0,670.0,6007.0,555.0,63.0,696.0
2014-08-25,2920.0,10004.0,7542.0,0.0,8150.0,1297.0,849.0,253.0,0.0,1127.0,958.0,0.0,1327.0,360812.0,2564.0,71487.0,6749.0,6269.0,8419.0,979.0,10889.0,594.0,97.0,1023.0
2014-08-26,2438.0,9815.0,5207.0,0.0,11138.0,1532.0,748.0,233.0,0.0,1001.0,1034.0,0.0,1669.0,344042.0,4940.0,60087.0,6608.0,7385.0,7887.0,993.0,14093.0,589.0,52.0,1154.0
2014-08-27,2351.0,8636.0,5642.0,0.0,11189.0,1231.0,786.0,214.0,0.0,901.0,867.0,0.0,1617.0,267531.0,2548.0,57371.0,5644.0,6096.0,7021.0,851.0,8597.0,553.0,89.0,1085.0
2014-08-28,0.0,0.0,0.0,0.0,0.0,0.0,0.0,0.0,0.0,0.0,0.0,0.0,0.0,0.0,0.0,0.0,0.0,0.0,0.0,0.0,0.0,0.0,0.0,0.0
2014-08-29,4660.0,9494.0,4685.0,0.0,19289.0,1275.0,618.0,223.0,0.0,979.0,873.0,0.0,1453.0,154251.0,1580.0,77416.0,5911.0,6308.0,7723.0,638.0,8198.0,634.0,61.0,927.0
2014-08-30,3470.0,9518.0,2803.0,0.0,12728.0,1147.0,469.0,136.0,0.0,970.0,830.0,0.0,1402.0,97320.0,1639.0,52931.0,4803.0,4994.0,7644.0,451.0,7424.0,443.0,72.0,678.0
2014-08-31,3474.0,10250.0,3116.0,0.0,11468.0,1188.0,542.0,155.0,0.0,945.0,968.0,0.0,2314.0,90142.0,1858.0,51516.0,4776.0,5849.0,7649.0,525.0,9098.0,508.0,70.0,794.0
2014-09-01,3832.0,10408.0,2511.0,0.0,13256.0,1158.0,703.0,261.0,0.0,988.0,1017.0,0.0,2621.0,79574.0,1874.0,47516.0,5473.0,5782.0,8088.0,605.0,10377.0,531.0,57.0,962.0
2014-09-02,4654.0,10400.0,2281.0,0.0,12525.0,1287.0,820.0,264.0,0.0,855.0,977.0,0.0,2436.0,72678.0,1939.0,85175.0,6095.0,6168.0,8256.0,751.0,14532.0,588.0,85.0,1493.0
2014-09-03,9166.0,22466.0,7260.0,0.0,21276.0,2758.0,1680.0,622.0,0.0,1808.0,2342.0,0.0,4786.0,95544.0,4190.0,297580.0,12224.0,15410.0,18250.0,1458.0,25788.0,1582.0,196.0,3126.0
2014-09-04,4069.0,10697.0,3680.0,0.0,6508.0,1329.0,949.0,283.0,0.0,839.0,1092.0,0.0,2164.0,37856.0,1989.0,121903.0,5400.0,8204.0,9903.0,776.0,15082.0,629.0,96.0,1521.0
2014-09-05,3771.0,9488.0,1695.0,0.0,6021.0,1253.0,775.0,457.0,0.0,868.0,1053.0,0.0,1968.0,28844.0,1706.0,95724.0,4838.0,7030.0,10499.0,858.0,12008.0,474.0,80.0,1394.0
2014-09-06,2477.0,12894.0,1832.0,0.0,5076.0,1166.0,591.0,234.0,2937.0,1048.0,939.0,0.0,1400.0,21708.0,1501.0,62895.0,4278.0,6118.0,9422.0,632.0,11871.0,433.0,47.0,1287.0
2014-09-07,2808.0,10288.0,1994.0,0.0,7689.0,1204.0,613.0,213.0,8510.0,948.0,1073.0,0.0,1839.0,24812.0,1444.0,57659.0,4337.0,6423.0,9300.0,636.0,26494.0,629.0,101.0,1413.0
2014-09-08,3321.0,10691.0,2147.0,0.0,5651.0,1515.0,730.0,286.0,13207.0,934.0,1372.0,0.0,2474.0,24707.0,1734.0,65764.0,5708.0,8187.0,8048.0,840.0,40127.0,537.0,110.0,2014.0
2014-09-09,3155.0,12114.0,1861.0,0.0,5394.0,1440.0,860.0,320.0,16041.0,975.0,1180.0,0.0,1591.0,22499.0,2640.0,58745.0,15578.0,11162.0,8972.0,760.0,38826.0,540.0,84.0,2315.0
2014-09-10,2992.0,10444.0,1919.0,0.0,4988.0,1408.0,916.0,334.0,14577.0,1082.0,1231.0,0.0,1568.0,18752.0,2255.0,66284.0,7175.0,6630.0,24483.0,1055.0,47841.0,514.0,135.0,2464.0
2014-09-11,2882.0,9903.0,2357.0,0.0,5159.0,1418.0,891.0,329.0,14576.0,1195.0,1301.0,0.0,1448.0,16403.0,2025.0,157702.0,5155.0,6079.0,17098.0,2694.0,48624.0,621.0,143.0,2105.0
2014-09-12,2469.0,8594.0,1848.0,0.0,4122.0,1388.0,666.0,260.0,15330.0,1130.0,1288.0,0.0,1335.0,13388.0,1791.0,82941.0,4253.0,5068.0,13056.0,3149.0,40059.0,514.0,108.0,1768.0
2014-09-13,1927.0,8224.0,1153.0,0.0,4828.0,1136.0,465.0,169.0,12978.0,1075.0,1136.0,0.0,856.0,9967.0,2124.0,51139.0,3682.0,3775.0,12150.0,1037.0,34423.0,533.0,59.0,1311.0
2014-09-14,2072.0,8591.0,1374.0,0.0,3918.0,1261.0,627.0,254.0,11654.0,1181.0,1329.0,0.0,896.0,11098.0,1651.0,104248.0,3746.0,4882.0,10985.0,3260.0,50745.0,525.0,116.0,1433.0
2014-09-15,2530.0,8422.0,1918.0,0.0,4089.0,1277.0,724.0,333.0,17774.0,1352.0,1600.0,0.0,1432.0,11697.0,2057.0,92396.0,3439.0,6009.0,43893.0,3408.0,71523.0,598.0,112.0,2326.0
2014-09-16,2750.0,8544.0,1686.0,0.0,2999.0,1465.0,699.0,277.0,22550.0,1244.0,1624.0,0.0,1567.0,10364.0,3583.0,79233.0,3332.0,6171.0,46521.0,3214.0,79976.0,537.0,74.0,2421.0
2014-09-17,2600.0,8119.0,1773.0,0.0,2993.0,1344.0,734.0,339.0,29481.0,1077.0,1575.0,0.0,1500.0,9687.0,2289.0,73351.0,3452.0,6165.0,21002.0,2440.0,97123.0,618.0,76.0,2348.0
2014-09-18,2564.0,8225.0,2186.0,0.0,2488.0,1388.0,812.0,293.0,21758.0,1180.0,1474.0,0.0,1465.0,9331.0,1957.0,74247.0,3716.0,5572.0,14908.0,1517.0,244178.0,658.0,71.0,2091.0
2014-09-19,2380.0,7610.0,1616.0,0.0,2118.0,1466.0,640.0,270.0,21128.0,1376.0,1546.0,0.0,1306.0,7095.0,2073.0,60649.0,3096.0,4895.0,19316.0,910.0,289786.0,558.0,119.0,2026.0
2014-09-20,1647.0,6994.0,997.0,0.0,1622.0,1289.0,454.0,185.0,13695.0,1315.0,1178.0,0.0,1607.0,5570.0,1893.0,43818.0,2934.0,4131.0,12328.0,736.0,62900.0,446.0,87.0,1232.0
2014-09-21,1807.0,7240.0,1134.0,0.0,1926.0,1333.0,497.0,217.0,12872.0,1134.0,1104.0,1057.0,820.0,7883.0,1738.0,44765.0,2850.0,4162.0,11654.0,739.0,41422.0,732.0,113.0,1817.0
2014-09-22,2156.0,8122.0,1412.0,0.0,2230.0,1506.0,741.0,392.0,20194.0,922.0,1488.0,5573.0,1343.0,7944.0,2267.0,71536.0,2999.0,5259.0,12043.0,1202.0,42368.0,702.0,120.0,2137.0
2014-09-23,2224.0,7460.0,1485.0,0.0,2687.0,1438.0,884.0,332.0,20963.0,962.0,1497.0,5331.0,1354.0,6633.0,1952.0,107438.0,2762.0,5070.0,10453.0,902.0,28565.0,607.0,84.0,2558.0
2014-09-24,2238.0,7140.0,1745.0,0.0,2283.0,1483.0,985.0,335.0,18865.0,990.0,1570.0,8693.0,1419.0,12458.0,1873.0,98412.0,2821.0,4850.0,10134.0,1380.0,26299.0,632.0,91.0,2421.0
2014-09-25,2205.0,7564.0,2348.0,0.0,2089.0,1555.0,1227.0,379.0,18815.0,922.0,1314.0,11925.0,4271.0,9033.0,2581.0,95293.0,2976.0,4854.0,10393.0,2742.0,19205.0,683.0,97.0,2185.0
2014-09-26,1856.0,7121.0,1566.0,0.0,1682.0,1332.0,869.0,296.0,16516.0,967.0,1157.0,12398.0,3403.0,5563.0,2226.0,87208.0,2550.0,4681.0,9528.0,1028.0,13651.0,506.0,77.0,1682.0
2014-09-27,1457.0,6849.0,922.0,0.0,1560.0,1187.0,604.0,211.0,12043.0,1004.0,1083.0,6107.0,1564.0,6825.0,1882.0,56950.0,2162.0,4149.0,9371.0,825.0,10375.0,493.0,63.0,1114.0
2014-09-28,1805.0,6968.0,2228.0,1398.0,1779.0,1314.0,587.0,281.0,14431.0,1050.0,1090.0,7428.0,1371.0,4355.0,2190.0,54966.0,2439.0,4634.0,9351.0,720.0,13692.0,758.0,92.0,1360.0
2014-09-29,2092.0,7048.0,2283.0,9308.0,2098.0,1507.0,671.0,451.0,16806.0,870.0,1419.0,6826.0,2320.0,4932.0,2612.0,60481.0,2771.0,5464.0,9439.0,2292.0,11035.0,696.0,96.0,2432.0
2014-09-30,2192.0,6608.0,2023.0,22032.0,2164.0,1385.0,563.0,350.0,21993.0,765.0,1256.0,6495.0,2016.0,4588.0,2450.0,52941.0,2605.0,5060.0,9308.0,1237.0,8781.0,730.0,104.0,2365.0
2014-10-01,2220.0,6679.0,1678.0,36036.0,2061.0,1668.0,636.0,426.0,39370.0,917.0,1359.0,5064.0,2043.0,4456.0,1968.0,50524.0,2496.0,4790.0,9601.0,895.0,7594.0,672.0,73.0,2580.0
2014-10-02,2068.0,6407.0,1613.0,41168.0,1871.0,2275.0,661.0,360.0,36030.0,899.0,1229.0,8514.0,1689.0,4776.0,1655.0,44477.0,2862.0,4941.0,9058.0,884.0,6522.0,557.0,67.0,2423.0
2014-10-03,1698.0,6826.0,1429.0,20152.0,1650.0,1831.0,619.0,339.0,39512.0,912.0,1193.0,9921.0,891825.0,4718.0,1484.0,50739.0,2581.0,8759.0,10083.0,776.0,4980.0,527.0,75.0,2256.0
2014-10-04,1327.0,5935.0,935.0,15810.0,1362.0,1327.0,464.0,243.0,22882.0,923.0,834.0,7181.0,972999.0,3254.0,1768.0,58456.0,2203.0,4217.0,9373.0,643.0,3711.0,667.0,60.0,1397.0
2014-10-05,1567.0,6157.0,1237.0,15376.0,1648.0,1397.0,548.0,218.0,22498.0,884.0,1080.0,6395.0,1068.0,3594.0,1839.0,47834.0,2396.0,5155.0,9045.0,703.0,4286.0,537.0,84.0,1724.0
2014-10-06,2090.0,6763.0,1504.0,16030.0,1939.0,1523.0,619.0,397.0,39754.0,763.0,1267.0,10581.0,1673.0,4591.0,2413.0,62426.0,3191.0,8228.0,9310.0,784.0,5208.0,681.0,96.0,3061.0
2014-10-07,2129.0,6960.0,1546.0,11830.0,2047.0,1733.0,599.0,401.0,42839.0,868.0,1174.0,10115.0,1747.0,4076.0,2349.0,70756.0,2743.0,6119.0,9828.0,772.0,5010.0,995.0,101.0,3328.0
2014-10-08,2132.0,7282.0,1544.0,9150.0,1959.0,1684.0,621.0,470.0,54530.0,878.0,1342.0,7412.0,1740.0,4332.0,2214.0,73902.0,2831.0,6566.0,10004.0,728.0,4610.0,915.0,89.0,3484.0
2014-10-09,2227.0,7600.0,2073.0,8896.0,2346.0,1710.0,577.0,961.0,63497.0,785.0,1347.0,10795.0,1659.0,4084.0,2229.0,61817.0,6874.0,9506.0,9690.0,797.0,4136.0,1259.0,102.0,3098.0
2014-10-10,1803.0,7899.0,1544.0,7961.0,1600.0,1804.0,604.0,527.0,47478.0,1115.0,1162.0,8108.0,1410.0,3482.0,2011.0,56016.0,5593.0,7794.0,9679.0,735.0,2998.0,594.0,116.0,2842.0
2014-10-11,1422.0,8042.0,1242.0,5436.0,1207.0,1802.0,600.0,230.0,28872.0,1017.0,1033.0,11248.0,1028.0,2891.0,1856.0,43786.0,2750.0,5367.0,9719.0,475.0,2316.0,514.0,72.0,1815.0
2014-10-12,1656.0,7955.0,1668.0,6661.0,1734.0,2124.0,611.0,258.0,34494.0,1030.0,1250.0,12773.0,930.0,3078.0,2067.0,45876.0,3417.0,6156.0,9366.0,503.0,2651.0,501.0,81.0,1759.0
2014-10-13,2273.0,7731.0,1981.0,8573.0,2294.0,1611.0,728.0,360.0,49816.0,775.0,1498.0,23673.0,1462.0,3599.0,2947.0,51262.0,4065.0,7134.0,8995.0,722.0,4524.0,605.0,89.0,3252.0
2014-10-14,2350.0,8007.0,1926.0,8976.0,1971.0,1658.0,1268.0,410.0,57371.0,841.0,1315.0,21794.0,1535.0,3468.0,3326.0,51927.0,4002.0,6678.0,9360.0,1359.0,4298.0,618.0,95.0,3872.0
2014-10-15,2164.0,7060.0,1529.0,14705.0,1718.0,1437.0,1066.0,451.0,70894.0,723.0,1260.0,57007.0,1998.0,3797.0,3952.0,48018.0,3115.0,5507.0,8856.0,1639.0,3378.0,598.0,127.0,3389.0
2014-10-16,1916.0,5616.0,1463.0,8268.0,1811.0,1530.0,946.0,437.0,61645.0,724.0,1154.0,46839.0,1731.0,2987.0,2495.0,38857.0,2928.0,4839.0,7873.0,1391.0,2627.0,687.0,75.0,3314.0
2014-10-17,1777.0,5085.0,1299.0,7371.0,1613.0,1363.0,1151.0,364.0,51686.0,693.0,1051.0,31509.0,1394.0,2575.0,1889.0,32612.0,2490.0,4538.0,8774.0,1173.0,2093.0,1119.0,75.0,2638.0
2014-10-18,1233.0,4862.0,725.0,6193.0,1367.0,1155.0,823.0,175.0,31981.0,773.0,866.0,21877.0,788.0,1860.0,1528.0,50746.0,2034.0,3424.0,8050.0,674.0,1659.0,881.0,71.0,1669.0
2014-10-19,1521.0,4925.0,894.0,6764.0,1582.0,1130.0,629.0,292.0,28066.0,743.0,984.0,17552.0,792.0,2133.0,3979.0,23930.0,2916.0,4230.0,7651.0,756.0,2129.0,713.0,71.0,1899.0
2014-10-20,1954.0,4889.0,1430.0,8126.0,1873.0,1387.0,751.0,491.0,40665.0,847.0,1216.0,25177.0,1499.0,2898.0,2978.0,33747.0,3444.0,5834.0,7922.0,1024.0,2567.0,726.0,104.0,4224.0
2014-10-21,2065.0,5837.0,1486.0,7463.0,1762.0,1364.0,851.0,492.0,34506.0,759.0,1204.0,30234.0,1521.0,2745.0,2281.0,32304.0,2752.0,4692.0,7820.0,1076.0,2318.0,646.0,114.0,4340.0
2014-10-22,1868.0,4957.0,1583.0,6577.0,1704.0,1209.0,690.0,453.0,29584.0,760.0,1223.0,28081.0,1489.0,2645.0,1697.0,39939.0,2334.0,4589.0,7404.0,827.0,2285.0,601.0,84.0,4530.0
2014-10-23,2128.0,4795.0,1556.0,6113.0,2048.0,1179.0,661.0,394.0,25301.0,792.0,1169.0,89858.0,1385.0,2538.0,1364.0,44998.0,2244.0,5154.0,7396.0,879.0,2006.0,448.0,83.0,3898.0
2014-10-24,1703.0,4659.0,1305.0,5296.0,1509.0,1176.0,674.0,447.0,38762.0,737.0,1221.0,65914.0,1275.0,16750.0,1630.0,33036.0,2144.0,4304.0,7392.0,1783.0,1918.0,434.0,91.0,3417.0
2014-10-25,1493.0,4288.0,907.0,4185.0,1194.0,1097.0,319.0,211.0,23900.0,787.0,970.0,30924.0,735.0,1850.0,1423.0,27075.0,1907.0,3209.0,6844.0,2894.0,1253.0,284.0,67.0,2114.0
2014-10-26,1760.0,4251.0,1009.0,4998.0,1449.0,1122.0,389.0,218.0,19668.0,827.0,1070.0,23017.0,868.0,2144.0,1760.0,25808.0,1941.0,3628.0,6601.0,2631.0,1548.0,373.0,103.0,2728.0
2014-10-27,2077.0,4997.0,1323.0,4539.0,1720.0,1322.0,842.0,432.0,28794.0,809.0,1273.0,28695.0,1428.0,2664.0,1994.0,31838.0,2379.0,4573.0,7061.0,3149.0,2066.0,4579.0,118.0,5718.0
2014-10-28,1924.0,6256.0,1232.0,4637.0,1658.0,1344.0,662.0,447.0,33127.0,709.0,1158.0,29926.0,1384.0,2563.0,1999.0,30881.0,2637.0,5285.0,7043.0,2279.0,2004.0,3718.0,178.0,6038.0
2014-10-29,2038.0,6446.0,1447.0,4340.0,1522.0,1374.0,483.0,486.0,28416.0,706.0,1240.0,25083.0,1313.0,2403.0,1666.0,30297.0,2464.0,5963.0,7305.0,2184.0,1829.0,2763.0,221.0,6260.0
2014-10-30,1740.0,5320.0,2046.0,3659.0,1716.0,1427.0,485.0,400.0,25241.0,805.0,1325.0,48058.0,1423.0,2407.0,1689.0,36441.0,2427.0,5967.0,7191.0,3114.0,1911.0,1597.0,157.0,6587.0
2014-10-31,1633.0,4993.0,1758.0,3551.0,1288.0,1291.0,405.0,347.0,20560.0,768.0,1121.0,26011.0,1177.0,1970.0,2121.0,24510.0,2640.0,7470.0,7432.0,2662.0,1823.0,637.0,130.0,6420.0
2014-11-01,1391.0,4829.0,1288.0,2533.0,1087.0,1099.0,984.0,173.0,16002.0,914.0,987.0,15890.0,706.0,1601.0,1779.0,23606.0,2241.0,5716.0,7538.0,1119.0,1583.0,452.0,185.0,4715.0
2014-11-02,1611.0,4931.0,1737.0,3413.0,1490.0,1263.0,924.0,225.0,16046.0,809.0,4271.0,14568.0,727.0,1793.0,1862.0,25632.0,2189.0,4743.0,7136.0,1273.0,1837.0,495.0,176.0,6525.0
2014-11-03,2072.0,5228.0,2246.0,3706.0,1673.0,1610.0,710.0,420.0,23260.0,875.0,1239.0,15912.0,1356.0,2571.0,2131.0,31890.0,2491.0,12083.0,7892.0,1900.0,2317.0,709.0,122.0,22187.0
2014-11-04,2082.0,5515.0,1555.0,3707.0,2123.0,1528.0,652.0,506.0,21132.0,859.0,1219.0,14565.0,1268.0,2223.0,2385.0,29916.0,2955.0,4793.0,7950.0,1821.0,2209.0,659.0,85.0,62639.0
2014-11-05,2004.0,5183.0,1368.0,3322.0,1768.0,1320.0,546.0,427.0,20692.0,751.0,1030.0,14760.0,1293.0,2223.0,2312.0,26129.0,2223.0,4197.0,7714.0,3575.0,2124.0,664.0,76.0,63299.0
2014-11-06,1996.0,5350.0,1608.0,3139.0,1603.0,1449.0,566.0,422.0,19824.0,875.0,1079.0,11344.0,1239.0,2372.0,2426.0,25820.0,2393.0,4235.0,8084.0,3009.0,1973.0,705.0,130.0,27350.0
2014-11-07,1820.0,4753.0,1707.0,3121.0,1656.0,1424.0,407.0,380.0,17504.0,827.0,1411.0,15285.0,1189.0,2238.0,2175.0,23187.0,2353.0,4264.0,8417.0,2595.0,1571.0,597.0,146.0,17022.0
2014-11-08,1483.0,4532.0,1073.0,2041.0,1054.0,1148.0,343.0,198.0,11127.0,909.0,1047.0,12448.0,741.0,1587.0,1829.0,17883.0,2142.0,3815.0,7523.0,2042.0,1525.0,422.0,79.0,9640.0
2014-11-09,1800.0,5157.0,911.0,2587.0,1129.0,1260.0,398.0,248.0,11766.0,943.0,1128.0,10322.0,728.0,1811.0,2185.0,22368.0,2662.0,4223.0,7312.0,2391.0,1842.0,529.0,149.0,8058.0
2014-11-10,2123.0,4853.0,1513.0,3510.0,1685.0,1371.0,810.0,412.0,17222.0,846.0,1374.0,12701.0,1400.0,2307.0,2516.0,27254.0,4294.0,6260.0,7815.0,5142.0,2542.0,704.0,94.0,8986.0
2014-11-11,1979.0,5629.0,1768.0,2992.0,1564.0,1608.0,718.0,454.0,18533.0,819.0,1227.0,10688.0,1279.0,2100.0,2135.0,24012.0,3694.0,6214.0,8088.0,11642.0,2097.0,7982.0,114.0,6304.0
2014-11-12,2393.0,5825.0,1826.0,3052.0,1581.0,1695.0,560.0,424.0,18740.0,806.0,1321.0,10920.0,1704.0,2072.0,2413.0,23834.0,3716.0,5524.0,7449.0,119264.0,2272.0,2334.0,133.0,6382.0
2014-11-13,2553.0,6359.0,1796.0,3036.0,1604.0,1669.0,643.0,427.0,16571.0,979.0,1383.0,11885.0,1642.0,2237.0,2377.0,23847.0,3686.0,5249.0,8052.0,93969.0,1928.0,956.0,148.0,5296.0
2014-11-14,2477.0,5763.0,1823.0,2362.0,1295.0,1441.0,625.0,360.0,16056.0,1172.0,1135.0,9043.0,1208.0,1778.0,1939.0,23839.0,5521.0,4953.0,8162.0,37642.0,1689.0,694.0,130.0,4013.0
2014-11-15,2398.0,5778.0,1532.0,1973.0,1020.0,1525.0,442.0,174.0,11780.0,1412.0,989.0,7252.0,707.0,1457.0,1778.0,18939.0,7025.0,4898.0,7913.0,24603.0,1388.0,618.0,85.0,2875.0
2014-11-16,2633.0,5952.0,1623.0,2458.0,1175.0,1465.0,501.0,281.0,10640.0,1409.0,1174.0,7897.0,697.0,1607.0,1704.0,30445.0,9216.0,9875.0,7595.0,18234.0,1573.0,551.0,63.0,2931.0
2014-11-17,3063.0,6047.0,3358.0,2706.0,1429.0,1574.0,651.0,485.0,18294.0,949.0,1225.0,10329.0,1305.0,2051.0,1851.0,37897.0,10555.0,11230.0,7813.0,18117.0,1710.0,709.0,97.0,3566.0
2014-11-18,10717.0,7372.0,6427.0,3556.0,2162.0,1488.0,649.0,403.0,16206.0,913.0,1216.0,9584.0,1220.0,1907.0,2006.0,30147.0,4332.0,5846.0,7768.0,14358.0,1803.0,974.0,107.0,3372.0
2014-11-19,2572.0,7411.0,4045.0,3328.0,2117.0,1552.0,573.0,488.0,17082.0,950.0,1111.0,7517.0,1444.0,9149.0,1894.0,26186.0,3165.0,4757.0,7891.0,11672.0,1816.0,719.0,78.0,2616.0
2014-11-20,2462.0,5864.0,3764.0,2562.0,1780.0,1444.0,599.0,529.0,15053.0,880.0,1788.0,7247.0,1395.0,26135.0,1769.0,24847.0,2811.0,4425.0,7741.0,10461.0,1728.0,2599.0,164.0,2124.0
2014-11-21,2005.0,5110.0,3848.0,2307.0,1456.0,1519.0,494.0,412.0,12332.0,950.0,1805.0,5560.0,1083.0,2224.0,1716.0,20984.0,2369.0,3854.0,7785.0,7599.0,1415.0,772.0,124.0,2058.0
2014-11-22,1547.0,4534.0,3786.0,1710.0,1104.0,1278.0,255.0,222.0,9012.0,1063.0,1369.0,4736.0,675.0,1609.0,1681.0,17343.0,1920.0,3128.0,7564.0,4709.0,1091.0,459.0,72.0,1320.0
2014-11-23,1644.0,4622.0,2576.0,1883.0,1293.0,1338.0,494.0,293.0,9361.0,1192.0,1353.0,6253.0,724.0,1737.0,2004.0,20010.0,2219.0,3597.0,7141.0,5341.0,1408.0,520.0,92.0,1321.0
2014-11-24,2145.0,4691.0,7995.0,2488.0,1671.0,1689.0,453.0,397.0,14481.0,824.0,1425.0,7471.0,1104.0,2219.0,2349.0,22734.0,2796.0,4876.0,7750.0,6109.0,1641.0,624.0,96.0,1753.0
2014-11-25,2117.0,5004.0,133152.0,5729.0,1382.0,1481.0,570.0,343.0,13346.0,1012.0,1179.0,7090.0,1340.0,2170.0,2575.0,20848.0,2450.0,4971.0,7429.0,4770.0,1596.0,593.0,142.0,1442.0
2014-11-26,1940.0,5228.0,101970.0,4106.0,1761.0,1372.0,488.0,289.0,12898.0,1660.0,1043.0,6926.0,1162.0,2022.0,2125.0,19063.0,2211.0,4151.0,7665.0,3547.0,1515.0,509.0,110.0,1180.0
2014-11-27,1698.0,4874.0,48670.0,3338.0,1125.0,1366.0,415.0,220.0,13960.0,860.0,1015.0,4549.0,912.0,1743.0,1950.0,16928.0,1687.0,3437.0,6564.0,3005.0,1497.0,479.0,70.0,880.0
2014-11-28,1485.0,4524.0,27241.0,2613.0,1012.0,1184.0,387.0,174.0,10065.0,924.0,910.0,4228.0,1209.0,1524.0,1908.0,16515.0,2002.0,3885.0,7430.0,2531.0,1367.0,491.0,75.0,891.0
2014-11-29,1365.0,4352.0,21417.0,2346.0,961.0,1391.0,330.0,190.0,9565.0,846.0,866.0,6349.0,620.0,1414.0,2091.0,17187.0,1782.0,3742.0,7419.0,2024.0,1151.0,450.0,69.0,833.0
2014-11-30,1327.0,3494.0,18182.0,2503.0,849.0,1175.0,319.0,179.0,8196.0,775.0,809.0,4828.0,508.0,1230.0,1358.0,14245.0,1620.0,2756.0,5723.0,2303.0,1243.0,2586.0,64.0,749.0
2014-12-01,2332.0,5130.0,24229.0,5559.0,1352.0,1643.0,479.0,424.0,13358.0,683.0,1451.0,7045.0,1094.0,2032.0,2131.0,22954.0,3197.0,5080.0,7473.0,3164.0,1782.0,1548.0,93.0,1246.0
2014-12-02,2427.0,5557.0,19514.0,4346.0,1878.0,1915.0,733.0,487.0,12867.0,749.0,1372.0,6361.0,1178.0,2102.0,2107.0,23041.0,2705.0,4824.0,7811.0,3116.0,1737.0,859.0,138.0,1442.0
2014-12-03,2274.0,4944.0,17803.0,3913.0,1485.0,1697.0,663.0,510.0,13340.0,730.0,1365.0,7387.0,1381.0,2522.0,2145.0,23630.0,2467.0,4635.0,8133.0,3085.0,1875.0,754.0,217.0,1333.0
2014-12-04,2485.0,5057.0,20430.0,3511.0,1379.0,1752.0,538.0,479.0,12050.0,716.0,1206.0,6541.0,1243.0,2214.0,2099.0,20347.0,2288.0,4202.0,8004.0,2738.0,1763.0,571.0,130.0,1297.0
2014-12-05,2003.0,4630.0,16302.0,2681.0,1136.0,1628.0,367.0,386.0,11042.0,703.0,1327.0,6189.0,949.0,1831.0,1842.0,17164.0,2039.0,4118.0,8302.0,2321.0,1476.0,536.0,78.0,1026.0
2014-12-06,1374.0,4593.0,9298.0,2040.0,932.0,1384.0,294.0,277.0,8153.0,842.0,1394.0,4788.0,697.0,1490.0,1610.0,52076.0,2005.0,3831.0,7951.0,1599.0,1055.0,581.0,70.0,818.0
2014-12-07,1634.0,4298.0,7564.0,2380.0,1091.0,1520.0,324.0,337.0,7809.0,772.0,1463.0,4810.0,621.0,1562.0,1580.0,15090.0,1858.0,3769.0,7317.0,1629.0,1392.0,528.0,62.0,3234.0
2014-12-08,2395.0,5065.0,9865.0,3059.0,1472.0,2100.0,570.0,622.0,11993.0,735.0,1653.0,6413.0,1065.0,1866.0,2013.0,19714.0,2378.0,5384.0,8387.0,2446.0,1626.0,647.0,106.0,2647.0
2014-12-09,2386.0,4866.0,7874.0,2834.0,1419.0,1785.0,447.0,509.0,11183.0,656.0,1613.0,5546.0,1153.0,1901.0,2208.0,18311.0,2638.0,5299.0,8282.0,2150.0,1580.0,602.0,87.0,1439.0
2014-12-10,2189.0,4853.0,6037.0,3038.0,1349.0,1694.0,460.0,494.0,11565.0,621.0,1459.0,4722.0,1151.0,1922.0,1854.0,17320.0,2387.0,5098.0,8153.0,2144.0,1489.0,572.0,90.0,1183.0
2014-12-11,2268.0,4913.0,5500.0,4282.0,1351.0,1705.0,470.0,560.0,11752.0,672.0,1492.0,6219.0,1119.0,1904.0,1667.0,17273.0,2259.0,5152.0,8333.0,2682.0,1473.0,555.0,95.0,1090.0
2014-12-12,2068.0,4537.0,5959.0,3182.0,1242.0,1608.0,354.0,478.0,9149.0,723.0,1557.0,5048.0,938.0,1582.0,1787.0,16445.0,2319.0,5395.0,8389.0,2267.0,1349.0,524.0,84.0,873.0
2014-12-13,1550.0,4041.0,3230.0,2038.0,1396.0,1355.0,241.0,284.0,6087.0,736.0,1290.0,3340.0,615.0,1174.0,1636.0,14451.0,2066.0,6296.0,7715.0,1556.0,1059.0,432.0,71.0,657.0
2014-12-14,1633.0,4500.0,3491.0,2072.0,1935.0,1674.0,318.0,333.0,6605.0,762.0,1185.0,3085.0,626.0,1458.0,1565.0,14924.0,2149.0,5898.0,7825.0,1447.0,1252.0,510.0,69.0,617.0
2014-12-15,1979.0,5495.0,4063.0,3002.0,3778.0,1794.0,506.0,477.0,9430.0,679.0,1370.0,4449.0,1050.0,2193.0,1980.0,39996.0,2496.0,7506.0,7951.0,1745.0,1516.0,532.0,96.0,857.0
2014-12-16,2266.0,5268.0,6500.0,2511.0,2859.0,4058.0,777.0,459.0,10256.0,715.0,1391.0,4765.0,1057.0,3615.0,1917.0,31985.0,2822.0,9865.0,8223.0,1772.0,1634.0,632.0,97.0,867.0
2014-12-17,2663.0,5779.0,4979.0,2294.0,1573.0,2964.0,736.0,13112.0,9673.0,747.0,1185.0,3986.0,993.0,2950.0,1691.0,26288.0,3131.0,9257.0,7495.0,2506.0,1557.0,714.0,124.0,940.0
2014-12-18,2390.0,5552.0,19184.0,2038.0,1489.0,2237.0,830.0,28682.0,10765.0,682.0,1434.0,5822.0,1245.0,2150.0,1852.0,29494.0,2850.0,7919.0,8742.0,1835.0,1257.0,601.0,115.0,911.0
2014-12-19,2044.0,4953.0,2418.0,1463.0,1248.0,1946.0,683.0,13209.0,7873.0,766.0,1143.0,14276.0,1040.0,1533.0,1690.0,20771.0,2502.0,6784.0,21895.0,1645.0,978.0,611.0,102.0,826.0
2014-12-20,1666.0,5039.0,1944.0,1005.0,981.0,1517.0,381.0,7491.0,6175.0,932.0,910.0,4990.0,521.0,1106.0,1537.0,15989.0,1959.0,4823.0,12914.0,1086.0,827.0,485.0,66.0,482.0
2014-12-21,,,,,,,,,,,,,,,,,,,,,,,,
