,2014 Crimean crisis,2014 FIFA World Cup,2014 Hong Kong protests,2014 Israelâ€“Gaza conflict,2014 Winter Olympics,Ebola virus epidemic in West Africa,Heartbleed,Islamic State of Iraq and the Levant,Malaysia Airlines Flight 370,Robin Williams,"Scottish independence referendum, 2014"
2013-12-01,0.0,9471.0,0.0,0.0,5693.0,0.0,0.0,472.0,0.0,6407.0,1868.0
2013-12-02,0.0,14587.0,0.0,0.0,7428.0,0.0,0.0,529.0,0.0,5072.0,2097.0
2013-12-03,0.0,24071.0,0.0,0.0,6414.0,0.0,0.0,654.0,0.0,4732.0,1741.0
2013-12-04,0.0,25208.0,0.0,0.0,7061.0,0.0,0.0,749.0,0.0,4494.0,2529.0
2013-12-05,0.0,26265.0,0.0,0.0,6884.0,0.0,0.0,807.0,0.0,4455.0,2112.0
2013-12-06,0.0,201519.0,0.0,0.0,7558.0,0.0,0.0,707.0,0.0,6094.0,1631.0
2013-12-07,0.0,96299.0,0.0,0.0,6170.0,0.0,0.0,538.0,0.0,4971.0,1355.0
2013-12-08,0.0,37369.0,0.0,0.0,7552.0,0.0,0.0,635.0,0.0,6429.0,1982.0
2013-12-09,0.0,33564.0,0.0,0.0,9646.0,0.0,0.0,657.0,0.0,4977.0,1826.0
2013-12-10,0.0,22825.0,0.0,0.0,8045.0,0.0,0.0,893.0,0.0,4777.0,1632.0
2013-12-11,0.0,17522.0,0.0,0.0,8508.0,0.0,0.0,847.0,0.0,4584.0,1471.0
2013-12-12,0.0,14785.0,0.0,0.0,7777.0,0.0,0.0,721.0,0.0,4541.0,1990.0
2013-12-13,0.0,13102.0,0.0,0.0,6421.0,0.0,0.0,708.0,0.0,5176.0,1463.0
2013-12-14,0.0,10507.0,0.0,0.0,5886.0,0.0,0.0,513.0,0.0,4490.0,1084.0
2013-12-15,0.0,10391.0,0.0,0.0,8032.0,0.0,0.0,655.0,0.0,4855.0,1199.0
2013-12-16,0.0,11361.0,0.0,0.0,10836.0,0.0,0.0,717.0,0.0,5617.0,1497.0
2013-12-17,0.0,10599.0,0.0,0.0,9398.0,0.0,0.0,633.0,0.0,4834.0,1251.0
2013-12-18,0.0,9997.0,0.0,0.0,12419.0,0.0,0.0,699.0,0.0,4596.0,1332.0
2013-12-19,0.0,9321.0,0.0,0.0,10604.0,0.0,0.0,871.0,0.0,4531.0,1283.0
2013-12-20,0.0,8143.0,0.0,0.0,9192.0,0.0,0.0,680.0,0.0,5905.0,1132.0
2013-12-21,0.0,6709.0,0.0,0.0,8045.0,0.0,0.0,484.0,0.0,4672.0,870.0
2013-12-22,0.0,7239.0,0.0,0.0,9538.0,0.0,0.0,438.0,0.0,4774.0,954.0
2013-12-23,0.0,7972.0,0.0,0.0,11663.0,0.0,0.0,531.0,0.0,4898.0,952.0
2013-12-24,0.0,7001.0,0.0,0.0,8447.0,0.0,0.0,547.0,0.0,4472.0,937.0
2013-12-25,0.0,6766.0,0.0,0.0,6996.0,0.0,0.0,412.0,0.0,4433.0,813.0
2013-12-26,0.0,7247.0,0.0,0.0,9571.0,0.0,0.0,589.0,0.0,4686.0,1137.0
2013-12-27,0.0,7626.0,0.0,0.0,9153.0,0.0,0.0,1921.0,0.0,5354.0,1206.0
2013-12-28,0.0,6681.0,0.0,0.0,9148.0,0.0,0.0,725.0,0.0,4836.0,1078.0
2013-12-29,0.0,6818.0,0.0,0.0,15094.0,0.0,0.0,618.0,0.0,5184.0,1291.0
2013-12-30,0.0,7962.0,0.0,0.0,24676.0,0.0,0.0,677.0,0.0,5443.0,1447.0
2013-12-31,0.0,10377.0,0.0,0.0,16874.0,0.0,0.0,573.0,0.0,5280.0,1945.0
2014-01-01,0.0,9564.0,0.0,0.0,15711.0,0.0,0.0,477.0,0.0,4593.0,2902.0
2014-01-02,0.0,9938.0,0.0,0.0,18111.0,0.0,0.0,1133.0,0.0,5155.0,2369.0
2014-01-03,0.0,9886.0,0.0,0.0,14964.0,0.0,0.0,1867.0,0.0,6159.0,1908.0
2014-01-04,0.0,7560.0,0.0,0.0,13575.0,0.0,0.0,4101.0,0.0,5209.0,1760.0
2014-01-05,0.0,1286.0,0.0,0.0,5203.0,0.0,0.0,1634.0,0.0,1486.0,312.0
2014-01-06,0.0,0.0,0.0,0.0,0.0,0.0,0.0,0.0,0.0,0.0,0.0
2014-01-07,0.0,12739.0,0.0,0.0,31414.0,0.0,0.0,19323.0,0.0,6409.0,2430.0
2014-01-08,0.0,12871.0,0.0,0.0,26787.0,0.0,0.0,12027.0,0.0,5471.0,2260.0
2014-01-09,0.0,11322.0,0.0,0.0,23434.0,0.0,0.0,9623.0,0.0,5204.0,2088.0
2014-01-10,0.0,10850.0,0.0,0.0,23282.0,0.0,0.0,8823.0,0.0,5347.0,1736.0
2014-01-11,0.0,9003.0,0.0,0.0,17536.0,0.0,0.0,5936.0,0.0,5096.0,1549.0
2014-01-12,0.0,9688.0,0.0,0.0,25497.0,0.0,0.0,6399.0,0.0,6305.0,1872.0
2014-01-13,0.0,12158.0,0.0,0.0,30319.0,0.0,0.0,5189.0,0.0,5816.0,3017.0
2014-01-14,0.0,11488.0,0.0,0.0,26218.0,0.0,0.0,2465.0,0.0,4655.0,2352.0
2014-01-15,0.0,12323.0,0.0,0.0,27080.0,0.0,0.0,2484.0,0.0,4956.0,2036.0
2014-01-16,0.0,10682.0,0.0,0.0,27300.0,0.0,0.0,2080.0,0.0,5297.0,2261.0
2014-01-17,0.0,9458.0,0.0,0.0,25665.0,0.0,0.0,1965.0,0.0,5481.0,2134.0
2014-01-18,0.0,7477.0,0.0,0.0,19064.0,0.0,0.0,1582.0,0.0,5354.0,1586.0
2014-01-19,0.0,8681.0,0.0,0.0,25969.0,0.0,0.0,1741.0,0.0,6371.0,2205.0
2014-01-20,0.0,10206.0,0.0,0.0,44559.0,0.0,0.0,2061.0,0.0,5678.0,1975.0
2014-01-21,0.0,10513.0,0.0,0.0,47760.0,0.0,0.0,2135.0,0.0,4622.0,2142.0
2014-01-22,0.0,10566.0,0.0,0.0,42224.0,0.0,0.0,2082.0,0.0,4598.0,2027.0
2014-01-23,0.0,11020.0,0.0,0.0,36076.0,0.0,0.0,1869.0,0.0,5190.0,1988.0
2014-01-24,0.0,10283.0,0.0,0.0,33992.0,0.0,0.0,1566.0,0.0,8705.0,2080.0
2014-01-25,0.0,8289.0,0.0,0.0,25566.0,0.0,0.0,1368.0,0.0,7814.0,1858.0
2014-01-26,0.0,9038.0,0.0,0.0,31161.0,0.0,0.0,1662.0,0.0,6691.0,2469.0
2014-01-27,0.0,11051.0,0.0,0.0,45646.0,0.0,0.0,1748.0,0.0,6876.0,2372.0
2014-01-28,0.0,10228.0,0.0,0.0,42189.0,0.0,0.0,1640.0,0.0,4684.0,2392.0
2014-01-29,0.0,9717.0,0.0,0.0,43324.0,0.0,0.0,2225.0,0.0,4687.0,3291.0
2014-01-30,0.0,10173.0,0.0,0.0,46195.0,0.0,0.0,1686.0,0.0,4470.0,2469.0
2014-01-31,0.0,8932.0,0.0,0.0,41272.0,0.0,0.0,1312.0,0.0,5077.0,2015.0
2014-02-01,0.0,8287.0,0.0,0.0,31880.0,0.0,0.0,1172.0,0.0,4973.0,1733.0
2014-02-02,0.0,9730.0,0.0,0.0,43743.0,0.0,0.0,1629.0,0.0,5989.0,2224.0
2014-02-03,0.0,11649.0,0.0,0.0,70622.0,0.0,0.0,2643.0,0.0,5495.0,2442.0
2014-02-04,0.0,11064.0,0.0,0.0,85702.0,0.0,0.0,2687.0,0.0,5348.0,3072.0
2014-02-05,0.0,11530.0,0.0,0.0,119792.0,0.0,0.0,2118.0,0.0,5138.0,2885.0
2014-02-06,0.0,11991.0,0.0,0.0,161712.0,0.0,0.0,1665.0,0.0,5210.0,2440.0
2014-02-07,0.0,14614.0,0.0,0.0,290268.0,0.0,0.0,1535.0,0.0,6447.0,6501.0
2014-02-08,0.0,11856.0,0.0,0.0,267149.0,0.0,0.0,1570.0,0.0,5308.0,3719.0
2014-02-09,0.0,10854.0,0.0,0.0,213934.0,0.0,0.0,1237.0,0.0,5874.0,3411.0
2014-02-10,0.0,12199.0,0.0,0.0,215997.0,0.0,0.0,2005.0,0.0,5259.0,3090.0
2014-02-11,0.0,12015.0,0.0,0.0,204961.0,0.0,0.0,2302.0,0.0,5562.0,2721.0
2014-02-12,0.0,12069.0,0.0,0.0,169568.0,0.0,0.0,2531.0,0.0,4590.0,3813.0
2014-02-13,0.0,11391.0,0.0,0.0,151850.0,0.0,0.0,2237.0,0.0,4935.0,6012.0
2014-02-14,0.0,9634.0,0.0,0.0,127012.0,0.0,0.0,1937.0,0.0,5054.0,4020.0
2014-02-15,0.0,9423.0,0.0,0.0,120553.0,0.0,0.0,1386.0,0.0,4797.0,2909.0
2014-02-16,0.0,11270.0,0.0,0.0,115634.0,0.0,0.0,1701.0,0.0,5662.0,4988.0
2014-02-17,0.0,11795.0,0.0,0.0,116620.0,0.0,0.0,3428.0,0.0,4885.0,6242.0
2014-02-18,0.0,13029.0,0.0,0.0,118827.0,0.0,0.0,2780.0,0.0,4921.0,4333.0
2014-02-19,0.0,12081.0,0.0,0.0,114745.0,0.0,0.0,1878.0,0.0,4361.0,3844.0
2014-02-20,0.0,11825.0,0.0,0.0,119860.0,0.0,0.0,1596.0,0.0,4341.0,5050.0
2014-02-21,0.0,11213.0,0.0,0.0,112328.0,0.0,0.0,1431.0,0.0,4446.0,3738.0
2014-02-22,0.0,9681.0,0.0,0.0,96374.0,0.0,0.0,1082.0,0.0,4624.0,2901.0
2014-02-23,0.0,14633.0,0.0,0.0,121553.0,0.0,0.0,1290.0,0.0,5434.0,3722.0
2014-02-24,0.0,15318.0,0.0,0.0,107466.0,0.0,0.0,1677.0,0.0,5039.0,4899.0
2014-02-25,0.0,13174.0,0.0,0.0,51746.0,0.0,0.0,1503.0,0.0,4984.0,3567.0
2014-02-26,0.0,12320.0,0.0,0.0,36225.0,0.0,0.0,1733.0,0.0,4462.0,3484.0
2014-02-27,0.0,13285.0,0.0,0.0,31021.0,0.0,0.0,2021.0,0.0,4644.0,4258.0
2014-02-28,0.0,10507.0,0.0,0.0,23616.0,0.0,0.0,2370.0,0.0,6462.0,3142.0
2014-03-01,14774.0,8865.0,0.0,0.0,14905.0,0.0,0.0,1774.0,0.0,4986.0,2873.0
2014-03-02,95306.0,9823.0,0.0,0.0,15277.0,0.0,0.0,1457.0,0.0,5717.0,3867.0
2014-03-03,114744.0,12820.0,0.0,0.0,17687.0,0.0,0.0,1405.0,0.0,6464.0,4058.0
2014-03-04,68007.0,17016.0,0.0,0.0,15300.0,0.0,0.0,1298.0,0.0,5192.0,3136.0
2014-03-05,42650.0,20991.0,0.0,0.0,13768.0,0.0,0.0,1188.0,0.0,4717.0,3147.0
2014-03-06,52399.0,18134.0,0.0,0.0,13890.0,0.0,0.0,1274.0,0.0,4726.0,3827.0
2014-03-07,55333.0,13804.0,0.0,0.0,12927.0,0.0,0.0,1418.0,0.0,5447.0,3678.0
2014-03-08,28012.0,10196.0,0.0,0.0,8115.0,0.0,0.0,1138.0,254740.0,4305.0,2417.0
2014-03-09,22934.0,10405.0,0.0,0.0,8113.0,0.0,0.0,1223.0,268735.0,5426.0,2998.0
2014-03-10,23671.0,12704.0,0.0,0.0,9806.0,0.0,0.0,1583.0,288597.0,4845.0,3249.0
2014-03-11,21716.0,12357.0,0.0,0.0,8661.0,0.0,0.0,1274.0,238148.0,4043.0,3210.0
2014-03-12,20133.0,14155.0,0.0,0.0,7578.0,0.0,0.0,1143.0,201807.0,4166.0,2971.0
2014-03-13,19311.0,12300.0,0.0,0.0,7209.0,0.0,0.0,1064.0,202378.0,4236.0,3066.0
2014-03-14,17227.0,10411.0,0.0,0.0,6443.0,0.0,0.0,1142.0,199351.0,4959.0,2993.0
2014-03-15,15287.0,8772.0,0.0,0.0,4708.0,0.0,0.0,1529.0,203462.0,4193.0,2539.0
2014-03-16,20476.0,10399.0,0.0,0.0,5780.0,0.0,0.0,1669.0,193105.0,4974.0,3752.0
2014-03-17,31013.0,12066.0,0.0,0.0,6098.0,0.0,0.0,1637.0,208979.0,4345.0,5050.0
2014-03-18,42898.0,12505.0,0.0,0.0,5893.0,0.0,0.0,1425.0,176553.0,4001.0,4725.0
2014-03-19,36142.0,13086.0,0.0,0.0,5313.0,0.0,0.0,1510.0,140497.0,4836.0,3724.0
2014-03-20,25581.0,12265.0,0.0,0.0,4976.0,0.0,0.0,1464.0,131383.0,4607.0,3435.0
2014-03-21,23908.0,11591.0,0.0,0.0,4488.0,0.0,0.0,1374.0,105262.0,4024.0,2994.0
2014-03-22,22031.0,9600.0,0.0,0.0,3183.0,0.0,0.0,1327.0,83541.0,4127.0,2546.0
2014-03-23,41270.0,10868.0,0.0,0.0,3814.0,0.0,0.0,1500.0,79909.0,5192.0,3986.0
2014-03-24,42621.0,13305.0,0.0,0.0,4241.0,0.0,0.0,1590.0,221755.0,4278.0,4110.0
2014-03-25,28739.0,14553.0,0.0,0.0,4243.0,0.0,0.0,1456.0,260775.0,4406.0,3751.0
2014-03-26,21946.0,13664.0,0.0,0.0,3861.0,0.0,0.0,1433.0,148648.0,4293.0,3298.0
2014-03-27,20409.0,13514.0,0.0,0.0,3779.0,0.0,0.0,1952.0,105362.0,4388.0,2974.0
2014-03-28,12756.0,11714.0,0.0,0.0,3718.0,0.0,0.0,1925.0,79141.0,3878.0,2554.0
2014-03-29,8012.0,10082.0,0.0,0.0,2601.0,0.0,0.0,1500.0,59058.0,3969.0,2813.0
2014-03-30,8495.0,11654.0,0.0,0.0,2919.0,0.0,0.0,1885.0,64899.0,4574.0,3351.0
2014-03-31,9191.0,14865.0,0.0,0.0,3620.0,0.0,0.0,1352.0,61961.0,4243.0,3093.0
2014-04-01,7787.0,15059.0,0.0,0.0,3136.0,0.0,0.0,1337.0,58070.0,3990.0,3516.0
2014-04-02,8418.0,16135.0,0.0,0.0,3112.0,0.0,0.0,5835.0,47319.0,4167.0,2984.0
2014-04-03,7511.0,18269.0,0.0,0.0,3238.0,0.0,0.0,2580.0,51826.0,5095.0,2972.0
2014-04-04,6661.0,14851.0,0.0,0.0,2883.0,0.0,0.0,1705.0,46317.0,5415.0,2437.0
2014-04-05,4973.0,13016.0,0.0,0.0,2233.0,0.0,0.0,1453.0,41035.0,4201.0,2463.0
2014-04-06,5179.0,13229.0,0.0,0.0,2436.0,0.0,0.0,1315.0,42641.0,4688.0,3238.0
2014-04-07,7852.0,15978.0,0.0,0.0,3004.0,0.0,7.0,1667.0,47831.0,5103.0,2982.0
2014-04-08,7313.0,16284.0,0.0,0.0,2794.0,0.0,5281.0,1865.0,37254.0,4626.0,3646.0
2014-04-09,6614.0,16351.0,0.0,0.0,2784.0,0.0,21187.0,1397.0,35470.0,4696.0,3144.0
2014-04-10,6535.0,15989.0,0.0,0.0,2510.0,0.0,12251.0,1478.0,31702.0,4623.0,2817.0
2014-04-11,5485.0,14200.0,0.0,0.0,2122.0,0.0,46511.0,1415.0,29200.0,6759.0,2861.0
2014-04-12,4522.0,11724.0,0.0,0.0,1682.0,0.0,45995.0,1229.0,23943.0,4730.0,3333.0
2014-04-13,6790.0,12762.0,0.0,0.0,2067.0,0.0,61337.0,1134.0,25084.0,5049.0,2774.0
2014-04-14,8443.0,16282.0,0.0,0.0,2217.0,0.0,87140.0,1337.0,30723.0,4594.0,2736.0
2014-04-15,8405.0,18179.0,0.0,0.0,2348.0,0.0,105263.0,1310.0,27633.0,4486.0,3418.0
2014-04-16,8223.0,16673.0,0.0,0.0,2363.0,0.0,58330.0,1429.0,26889.0,4675.0,2725.0
2014-04-17,8880.0,15959.0,0.0,0.0,2158.0,0.0,51835.0,1176.0,25666.0,11225.0,2369.0
2014-04-18,7107.0,14811.0,0.0,0.0,1755.0,0.0,32921.0,1188.0,21884.0,9741.0,1935.0
2014-04-19,5266.0,13072.0,0.0,0.0,1648.0,0.0,30701.0,1124.0,19605.0,5203.0,1922.0
2014-04-20,5377.0,13550.0,0.0,0.0,1698.0,0.0,25244.0,1129.0,19605.0,5317.0,2700.0
2014-04-21,7117.0,16983.0,0.0,0.0,2201.0,0.0,31609.0,1216.0,25549.0,4931.0,2992.0
2014-04-22,7875.0,20350.0,0.0,0.0,2209.0,0.0,38401.0,1577.0,24240.0,5122.0,3309.0
2014-04-23,7810.0,22371.0,0.0,0.0,2427.0,0.0,28414.0,1452.0,23074.0,4418.0,3773.0
2014-04-24,7864.0,20661.0,0.0,0.0,2198.0,0.0,24799.0,1350.0,21239.0,4498.0,3908.0
2014-04-25,7908.0,19013.0,0.0,0.0,2082.0,0.0,19697.0,1487.0,19553.0,5100.0,2648.0
2014-04-26,6431.0,16471.0,0.0,0.0,1716.0,0.0,9868.0,1833.0,15680.0,6975.0,2495.0
2014-04-27,6250.0,17267.0,0.0,0.0,1919.0,0.0,7903.0,1604.0,17562.0,5920.0,2876.0
2014-04-28,8156.0,21293.0,0.0,0.0,2286.0,0.0,15996.0,1666.0,21333.0,4150.0,3163.0
2014-04-29,7863.0,23727.0,0.0,0.0,2319.0,0.0,15684.0,1841.0,20887.0,4485.0,2964.0
2014-04-30,6877.0,23341.0,0.0,0.0,1946.0,0.0,14190.0,2591.0,17865.0,4387.0,3058.0
2014-05-01,6395.0,21945.0,0.0,0.0,1995.0,0.0,11033.0,2161.0,19726.0,4702.0,3079.0
2014-05-02,8468.0,20893.0,0.0,0.0,1951.0,0.0,9478.0,2163.0,18312.0,4483.0,2535.0
2014-05-03,6973.0,17134.0,0.0,0.0,1549.0,0.0,5383.0,1791.0,12301.0,4701.0,1969.0
2014-05-04,6917.0,18911.0,0.0,0.0,1653.0,0.0,5205.0,1664.0,14067.0,4636.0,3124.0
2014-05-05,9774.0,26014.0,0.0,0.0,2010.0,0.0,8408.0,1678.0,16653.0,4762.0,3204.0
2014-05-06,7611.0,28398.0,0.0,0.0,2021.0,0.0,8276.0,1761.0,17030.0,4212.0,2876.0
2014-05-07,7127.0,35298.0,0.0,0.0,1756.0,0.0,8244.0,1680.0,17450.0,5278.0,2921.0
2014-05-08,6838.0,38652.0,0.0,0.0,1820.0,0.0,8462.0,1912.0,17151.0,4054.0,2622.0
2014-05-09,6978.0,35262.0,0.0,0.0,1767.0,0.0,6918.0,1748.0,14693.0,3812.0,2728.0
2014-05-10,5656.0,27101.0,0.0,0.0,1556.0,0.0,3935.0,1773.0,12584.0,4217.0,2264.0
2014-05-11,6438.0,28701.0,0.0,0.0,1695.0,0.0,3801.0,1712.0,13779.0,5157.0,3064.0
2014-05-12,9458.0,57916.0,0.0,0.0,2025.0,0.0,6403.0,1941.0,19422.0,4925.0,2870.0
2014-05-13,7335.0,65928.0,0.0,0.0,2506.0,0.0,6437.0,1769.0,18268.0,4415.0,2856.0
2014-05-14,6037.0,59669.0,0.0,0.0,2074.0,0.0,5814.0,1596.0,16763.0,4315.0,2711.0
2014-05-15,5380.0,44088.0,0.0,0.0,1927.0,0.0,5013.0,1580.0,16700.0,3846.0,2889.0
2014-05-16,4023.0,38515.0,0.0,0.0,1541.0,0.0,3975.0,1521.0,13251.0,4037.0,2287.0
2014-05-17,3403.0,32259.0,0.0,0.0,1407.0,0.0,2203.0,1292.0,11162.0,4089.0,1808.0
2014-05-18,3829.0,34349.0,0.0,0.0,1504.0,0.0,2232.0,2759.0,14259.0,4560.0,2600.0
2014-05-19,4943.0,48083.0,0.0,0.0,1699.0,0.0,3981.0,2021.0,18786.0,4032.0,2571.0
2014-05-20,4944.0,50044.0,0.0,0.0,2045.0,0.0,4043.0,2111.0,17916.0,4058.0,2603.0
2014-05-21,5106.0,51558.0,0.0,0.0,1931.0,0.0,4465.0,1978.0,15303.0,3861.0,2344.0
2014-05-22,5097.0,52905.0,0.0,0.0,1949.0,0.0,4486.0,1933.0,13731.0,3947.0,2890.0
2014-05-23,4998.0,57225.0,0.0,0.0,1904.0,0.0,4469.0,2374.0,12951.0,4116.0,3088.0
2014-05-24,3129.0,44736.0,0.0,0.0,1540.0,0.0,2296.0,2473.0,10639.0,3596.0,2019.0
2014-05-25,3526.0,44889.0,0.0,0.0,1492.0,0.0,1991.0,1751.0,10487.0,4517.0,2379.0
2014-05-26,4526.0,56087.0,0.0,0.0,1626.0,0.0,2934.0,2087.0,13752.0,6312.0,3868.0
2014-05-27,6010.0,65280.0,0.0,0.0,1817.0,0.0,3798.0,2157.0,19426.0,4496.0,3001.0
2014-05-28,5679.0,71861.0,0.0,0.0,2467.0,0.0,3504.0,2313.0,13552.0,5068.0,3535.0
2014-05-29,5235.0,69283.0,0.0,0.0,1937.0,0.0,3280.0,1725.0,18243.0,5108.0,2645.0
2014-05-30,4612.0,66586.0,0.0,0.0,1841.0,0.0,2904.0,1703.0,11070.0,4848.0,3010.0
2014-05-31,3052.0,63279.0,0.0,0.0,1364.0,0.0,1821.0,1459.0,7813.0,4631.0,2080.0
2014-06-01,3372.0,76275.0,0.0,0.0,1557.0,0.0,2011.0,2213.0,8594.0,5903.0,2355.0
2014-06-02,4341.0,105535.0,0.0,0.0,1929.0,0.0,3207.0,2361.0,10473.0,4385.0,3140.0
2014-06-03,4782.0,111303.0,0.0,0.0,1773.0,0.0,3728.0,2142.0,12927.0,4657.0,2641.0
2014-06-04,4848.0,114064.0,0.0,0.0,2027.0,0.0,5474.0,1840.0,13663.0,4257.0,2871.0
2014-06-05,4227.0,102993.0,0.0,0.0,1846.0,0.0,3315.0,1832.0,11135.0,4059.0,3082.0
2014-06-06,3772.0,94794.0,0.0,0.0,1572.0,0.0,3364.0,1648.0,8586.0,3728.0,2546.0
2014-06-07,2984.0,77976.0,0.0,0.0,1392.0,0.0,1816.0,1846.0,7533.0,3683.0,1907.0
2014-06-08,3097.0,85904.0,0.0,0.0,1491.0,0.0,1746.0,1858.0,11360.0,3959.0,2801.0
2014-06-09,3463.0,135462.0,0.0,0.0,1680.0,0.0,3038.0,2159.0,12858.0,4468.0,4154.0
2014-06-10,3363.0,157617.0,0.0,0.0,1873.0,0.0,3040.0,21759.0,11849.0,3942.0,3157.0
2014-06-11,3283.0,204744.0,0.0,0.0,1820.0,0.0,2839.0,57920.0,10597.0,5087.0,4410.0
2014-06-12,3196.0,494388.0,0.0,0.0,2454.0,0.0,2587.0,49383.0,11108.0,3842.0,3789.0
2014-06-13,2844.0,397486.0,0.0,0.0,2165.0,0.0,2035.0,46821.0,9429.0,3513.0,2714.0
2014-06-14,2875.0,319278.0,0.0,0.0,2005.0,0.0,1227.0,26641.0,8833.0,3784.0,2107.0
2014-06-15,2777.0,325443.0,0.0,0.0,1869.0,0.0,1220.0,9002.0,9426.0,4473.0,2682.0
2014-06-16,3444.0,369885.0,0.0,0.0,2017.0,0.0,2559.0,8494.0,10590.0,3582.0,2799.0
2014-06-17,3211.0,363499.0,0.0,0.0,2040.0,0.0,2189.0,6655.0,9903.0,3559.0,2570.0
2014-06-18,2840.0,363083.0,0.0,0.0,1939.0,0.0,2059.0,4627.0,9867.0,3458.0,2630.0
2014-06-19,2955.0,373497.0,0.0,0.0,1728.0,0.0,1868.0,3967.0,8709.0,3256.0,2588.0
2014-06-20,2932.0,364590.0,0.0,0.0,1594.0,0.0,1730.0,2366.0,8507.0,3241.0,2832.0
2014-06-21,2403.0,277558.0,0.0,0.0,1445.0,0.0,1153.0,2170.0,7625.0,3487.0,2054.0
2014-06-22,2402.0,272579.0,0.0,0.0,2556.0,0.0,1164.0,2406.0,8835.0,3300.0,2310.0
2014-06-23,2572.0,429540.0,0.0,0.0,2587.0,0.0,2441.0,2804.0,9943.0,3541.0,2779.0
2014-06-24,2784.0,406287.0,0.0,0.0,2054.0,0.0,2355.0,2581.0,10440.0,3310.0,2925.0
2014-06-25,2659.0,430292.0,0.0,0.0,1699.0,0.0,2072.0,2271.0,8928.0,3302.0,2542.0
2014-06-26,2286.0,434577.0,0.0,0.0,1784.0,0.0,1779.0,1815.0,11378.0,3275.0,2956.0
2014-06-27,3253.0,263690.0,0.0,0.0,1470.0,0.0,1484.0,1862.0,9977.0,3301.0,2668.0
2014-06-28,1888.0,223307.0,0.0,0.0,1236.0,0.0,965.0,1377.0,6144.0,3164.0,2454.0
2014-06-29,1718.0,250289.0,0.0,0.0,1558.0,0.0,909.0,3409.0,5632.0,3496.0,2491.0
2014-06-30,2189.0,287389.0,0.0,0.0,1835.0,0.0,1657.0,19594.0,6914.0,3411.0,3004.0
2014-07-01,2691.0,288826.0,0.0,0.0,1620.0,0.0,1569.0,22725.0,6520.0,8203.0,2507.0
2014-07-02,2472.0,213831.0,0.0,0.0,1729.0,0.0,1523.0,20080.0,6810.0,14193.0,2421.0
2014-07-03,2264.0,126362.0,0.0,0.0,1431.0,0.0,1560.0,20178.0,7487.0,5722.0,2658.0
2014-07-04,1941.0,172886.0,0.0,0.0,1399.0,0.0,1143.0,14161.0,6679.0,4872.0,2696.0
2014-07-05,2127.0,200282.0,0.0,0.0,1279.0,0.0,738.0,15324.0,5926.0,3756.0,2227.0
2014-07-06,2178.0,150384.0,0.0,0.0,1178.0,0.0,876.0,21277.0,6424.0,4485.0,2490.0
2014-07-07,2696.0,125957.0,0.0,0.0,1450.0,0.0,1579.0,25358.0,9896.0,4315.0,3311.0
2014-07-08,2278.0,199010.0,0.0,0.0,1597.0,0.0,1512.0,23121.0,9624.0,3597.0,3047.0
2014-07-09,2436.0,265425.0,0.0,0.0,1758.0,0.0,1537.0,16652.0,9038.0,3684.0,2699.0
2014-07-10,2454.0,184974.0,0.0,0.0,1615.0,0.0,1574.0,15787.0,9146.0,4004.0,2752.0
2014-07-11,2397.0,100480.0,0.0,0.0,1524.0,0.0,1355.0,14265.0,7948.0,3755.0,3092.0
2014-07-12,2089.0,120115.0,0.0,0.0,1515.0,0.0,811.0,12685.0,7353.0,3870.0,2540.0
2014-07-13,2519.0,281071.0,0.0,0.0,2375.0,0.0,825.0,12256.0,8047.0,3826.0,3025.0
2014-07-14,2999.0,327116.0,0.0,0.0,2406.0,0.0,1417.0,14491.0,8784.0,4608.0,3612.0
2014-07-15,2374.0,104576.0,0.0,0.0,1745.0,0.0,1770.0,13875.0,8865.0,4175.0,3094.0
2014-07-16,2499.0,60922.0,0.0,0.0,1440.0,0.0,1810.0,13206.0,9067.0,3834.0,3065.0
2014-07-17,10347.0,49236.0,0.0,0.0,1787.0,0.0,1678.0,12030.0,112101.0,5098.0,2601.0
2014-07-18,19503.0,37100.0,0.0,0.0,1676.0,0.0,1324.0,11939.0,106217.0,4157.0,2209.0
2014-07-19,9178.0,27131.0,0.0,0.0,1346.0,0.0,777.0,12075.0,46701.0,4077.0,1836.0
2014-07-20,7424.0,24798.0,0.0,0.0,1279.0,0.0,936.0,13087.0,33388.0,5124.0,2535.0
2014-07-21,8483.0,26562.0,0.0,0.0,1603.0,0.0,1535.0,14227.0,36467.0,8827.0,3146.0
2014-07-22,7127.0,24436.0,0.0,0.0,1477.0,0.0,1632.0,13418.0,28164.0,4594.0,3269.0
2014-07-23,5903.0,21613.0,0.0,0.0,2014.0,0.0,1505.0,12391.0,28433.0,3489.0,3666.0
2014-07-24,4469.0,17581.0,0.0,6385.0,1846.0,0.0,1507.0,15484.0,31425.0,3818.0,3965.0
2014-07-25,3673.0,17092.0,0.0,23354.0,1622.0,0.0,1250.0,22138.0,19610.0,3833.0,3192.0
2014-07-26,2747.0,14314.0,0.0,15683.0,1611.0,0.0,747.0,15631.0,13316.0,3330.0,2353.0
2014-07-27,2766.0,14518.0,0.0,15623.0,1512.0,0.0,861.0,15197.0,12130.0,3844.0,2935.0
2014-07-28,3518.0,16096.0,0.0,23580.0,1825.0,0.0,1373.0,15190.0,12838.0,3646.0,3408.0
2014-07-29,3766.0,16213.0,0.0,26187.0,1884.0,0.0,1438.0,17545.0,11396.0,3845.0,3641.0
2014-07-30,3411.0,14750.0,0.0,31865.0,1811.0,0.0,1437.0,19035.0,9504.0,3600.0,3236.0
2014-07-31,2803.0,14274.0,0.0,35057.0,1688.0,0.0,1283.0,17853.0,8561.0,3680.0,3100.0
2014-08-01,2385.0,13654.0,0.0,32106.0,1520.0,0.0,1095.0,14815.0,6984.0,3622.0,2869.0
2014-08-02,1965.0,12158.0,0.0,26702.0,1524.0,0.0,786.0,13753.0,5396.0,3296.0,2421.0
2014-08-03,2162.0,13259.0,0.0,27857.0,1635.0,0.0,884.0,19201.0,5911.0,3474.0,3213.0
2014-08-04,2583.0,14898.0,0.0,31616.0,1707.0,0.0,1278.0,29901.0,6866.0,3580.0,3896.0
2014-08-05,4403.0,13662.0,0.0,27461.0,1407.0,0.0,1270.0,30733.0,6996.0,3735.0,5544.0
2014-08-06,2750.0,12455.0,0.0,21529.0,1391.0,0.0,1679.0,26382.0,7450.0,3539.0,8954.0
2014-08-07,3115.0,12258.0,0.0,24380.0,1383.0,0.0,1638.0,41875.0,7807.0,3653.0,6137.0
2014-08-08,2589.0,11032.0,0.0,17360.0,1205.0,0.0,1511.0,118974.0,8436.0,3434.0,4783.0
2014-08-09,2126.0,10253.0,0.0,12876.0,1114.0,0.0,906.0,75280.0,5567.0,3588.0,3446.0
2014-08-10,2115.0,10392.0,0.0,17670.0,1242.0,0.0,907.0,69890.0,6732.0,3800.0,3789.0
2014-08-11,2610.0,11657.0,0.0,14974.0,1350.0,0.0,1447.0,84552.0,7132.0,21779.0,4545.0
2014-08-12,2483.0,11989.0,0.0,15570.0,1716.0,0.0,1594.0,70655.0,6218.0,6518281.0,4591.0
2014-08-13,2478.0,12236.0,0.0,14699.0,1747.0,0.0,1550.0,70306.0,5811.0,1378987.0,4456.0
2014-08-14,2571.0,10781.0,0.0,10804.0,1716.0,0.0,1482.0,59557.0,6709.0,572159.0,4854.0
2014-08-15,2757.0,10292.0,0.0,7174.0,1503.0,0.0,1278.0,42976.0,7977.0,349439.0,4161.0
2014-08-16,1990.0,9067.0,0.0,5396.0,1157.0,0.0,933.0,36098.0,6677.0,221941.0,4493.0
2014-08-17,2135.0,9475.0,0.0,9650.0,1415.0,0.0,882.0,42694.0,6139.0,198853.0,6018.0
2014-08-18,2404.0,10447.0,0.0,9678.0,1405.0,0.0,1336.0,39451.0,7350.0,172322.0,7236.0
2014-08-19,2433.0,11674.0,0.0,12456.0,1385.0,0.0,1250.0,42423.0,7797.0,128469.0,5142.0
2014-08-20,2330.0,10486.0,0.0,11913.0,1381.0,0.0,1917.0,156273.0,7545.0,103544.0,6503.0
2014-08-21,2315.0,10880.0,0.0,15402.0,1466.0,0.0,1530.0,120322.0,7166.0,100908.0,5849.0
2014-08-22,2412.0,9900.0,0.0,10480.0,1406.0,0.0,1130.0,111899.0,11532.0,88295.0,5831.0
2014-08-23,1845.0,9322.0,0.0,9740.0,1954.0,0.0,771.0,65039.0,6270.0,71239.0,4329.0
2014-08-24,2205.0,9893.0,0.0,10041.0,1379.0,0.0,812.0,65006.0,6384.0,59377.0,6007.0
2014-08-25,2920.0,10004.0,0.0,8150.0,1297.0,0.0,1327.0,71487.0,6269.0,56122.0,10889.0
2014-08-26,2438.0,9815.0,0.0,11138.0,1532.0,0.0,1669.0,60087.0,7385.0,82858.0,14093.0
2014-08-27,2351.0,8636.0,0.0,11189.0,1231.0,0.0,1617.0,57371.0,6096.0,46689.0,8597.0
2014-08-28,0.0,0.0,0.0,0.0,0.0,0.0,0.0,0.0,0.0,0.0,0.0
2014-08-29,4660.0,9494.0,0.0,19289.0,1275.0,0.0,1453.0,77416.0,6308.0,32934.0,8198.0
2014-08-30,3470.0,9518.0,0.0,12728.0,1147.0,0.0,1402.0,52931.0,4994.0,28629.0,7424.0
2014-08-31,3474.0,10250.0,0.0,11468.0,1188.0,0.0,2314.0,51516.0,5849.0,29377.0,9098.0
2014-09-01,3832.0,10408.0,0.0,13256.0,1158.0,0.0,2621.0,47516.0,5782.0,28910.0,10377.0
2014-09-02,4654.0,10400.0,0.0,12525.0,1287.0,0.0,2436.0,85175.0,6168.0,26785.0,14532.0
2014-09-03,9166.0,22466.0,0.0,21276.0,2758.0,0.0,4786.0,297580.0,15410.0,50686.0,25788.0
2014-09-04,4069.0,10697.0,0.0,6508.0,1329.0,0.0,2164.0,121903.0,8204.0,29370.0,15082.0
2014-09-05,3771.0,9488.0,0.0,6021.0,1253.0,0.0,1968.0,95724.0,7030.0,28769.0,12008.0
2014-09-06,2477.0,12894.0,0.0,5076.0,1166.0,2937.0,1400.0,62895.0,6118.0,24310.0,11871.0
2014-09-07,2808.0,10288.0,0.0,7689.0,1204.0,8510.0,1839.0,57659.0,6423.0,23697.0,26494.0
2014-09-08,3321.0,10691.0,0.0,5651.0,1515.0,13207.0,2474.0,65764.0,8187.0,22392.0,40127.0
2014-09-09,3155.0,12114.0,0.0,5394.0,1440.0,16041.0,1591.0,58745.0,11162.0,20416.0,38826.0
2014-09-10,2992.0,10444.0,0.0,4988.0,1408.0,14577.0,1568.0,66284.0,6630.0,22858.0,47841.0
2014-09-11,2882.0,9903.0,0.0,5159.0,1418.0,14576.0,1448.0,157702.0,6079.0,19583.0,48624.0
2014-09-12,2469.0,8594.0,0.0,4122.0,1388.0,15330.0,1335.0,82941.0,5068.0,19155.0,40059.0
2014-09-13,1927.0,8224.0,0.0,4828.0,1136.0,12978.0,856.0,51139.0,3775.0,18127.0,34423.0
2014-09-14,2072.0,8591.0,0.0,3918.0,1261.0,11654.0,896.0,104248.0,4882.0,17715.0,50745.0
2014-09-15,2530.0,8422.0,0.0,4089.0,1277.0,17774.0,1432.0,92396.0,6009.0,17307.0,71523.0
2014-09-16,2750.0,8544.0,0.0,2999.0,1465.0,22550.0,1567.0,79233.0,6171.0,15968.0,79976.0
2014-09-17,2600.0,8119.0,0.0,2993.0,1344.0,29481.0,1500.0,73351.0,6165.0,15236.0,97123.0
2014-09-18,2564.0,8225.0,0.0,2488.0,1388.0,21758.0,1465.0,74247.0,5572.0,18140.0,244178.0
2014-09-19,2380.0,7610.0,0.0,2118.0,1466.0,21128.0,1306.0,60649.0,4895.0,14185.0,289786.0
2014-09-20,1647.0,6994.0,0.0,1622.0,1289.0,13695.0,1607.0,43818.0,4131.0,14281.0,62900.0
2014-09-21,1807.0,7240.0,0.0,1926.0,1333.0,12872.0,820.0,44765.0,4162.0,13396.0,41422.0
2014-09-22,2156.0,8122.0,0.0,2230.0,1506.0,20194.0,1343.0,71536.0,5259.0,13140.0,42368.0
2014-09-23,2224.0,7460.0,0.0,2687.0,1438.0,20963.0,1354.0,107438.0,5070.0,13679.0,28565.0
2014-09-24,2238.0,7140.0,0.0,2283.0,1483.0,18865.0,1419.0,98412.0,4850.0,13978.0,26299.0
2014-09-25,2205.0,7564.0,0.0,2089.0,1555.0,18815.0,4271.0,95293.0,4854.0,13144.0,19205.0
2014-09-26,1856.0,7121.0,0.0,1682.0,1332.0,16516.0,3403.0,87208.0,4681.0,15193.0,13651.0
2014-09-27,1457.0,6849.0,0.0,1560.0,1187.0,12043.0,1564.0,56950.0,4149.0,10501.0,10375.0
2014-09-28,1805.0,6968.0,1398.0,1779.0,1314.0,14431.0,1371.0,54966.0,4634.0,11911.0,13692.0
2014-09-29,2092.0,7048.0,9308.0,2098.0,1507.0,16806.0,2320.0,60481.0,5464.0,11921.0,11035.0
2014-09-30,2192.0,6608.0,22032.0,2164.0,1385.0,21993.0,2016.0,52941.0,5060.0,10807.0,8781.0
2014-10-01,2220.0,6679.0,36036.0,2061.0,1668.0,39370.0,2043.0,50524.0,4790.0,10624.0,7594.0
2014-10-02,2068.0,6407.0,41168.0,1871.0,2275.0,36030.0,1689.0,44477.0,4941.0,10245.0,6522.0
2014-10-03,1698.0,6826.0,20152.0,1650.0,1831.0,39512.0,891825.0,50739.0,8759.0,10173.0,4980.0
2014-10-04,1327.0,5935.0,15810.0,1362.0,1327.0,22882.0,972999.0,58456.0,4217.0,10128.0,3711.0
2014-10-05,1567.0,6157.0,15376.0,1648.0,1397.0,22498.0,1068.0,47834.0,5155.0,10807.0,4286.0
2014-10-06,2090.0,6763.0,16030.0,1939.0,1523.0,39754.0,1673.0,62426.0,8228.0,11178.0,5208.0
2014-10-07,2129.0,6960.0,11830.0,2047.0,1733.0,42839.0,1747.0,70756.0,6119.0,10099.0,5010.0
2014-10-08,2132.0,7282.0,9150.0,1959.0,1684.0,54530.0,1740.0,73902.0,6566.0,10341.0,4610.0
2014-10-09,2227.0,7600.0,8896.0,2346.0,1710.0,63497.0,1659.0,61817.0,9506.0,9999.0,4136.0
2014-10-10,1803.0,7899.0,7961.0,1600.0,1804.0,47478.0,1410.0,56016.0,7794.0,10579.0,2998.0
2014-10-11,1422.0,8042.0,5436.0,1207.0,1802.0,28872.0,1028.0,43786.0,5367.0,10475.0,2316.0
2014-10-12,1656.0,7955.0,6661.0,1734.0,2124.0,34494.0,930.0,45876.0,6156.0,10727.0,2651.0
2014-10-13,2273.0,7731.0,8573.0,2294.0,1611.0,49816.0,1462.0,51262.0,7134.0,12521.0,4524.0
2014-10-14,2350.0,8007.0,8976.0,1971.0,1658.0,57371.0,1535.0,51927.0,6678.0,10278.0,4298.0
2014-10-15,2164.0,7060.0,14705.0,1718.0,1437.0,70894.0,1998.0,48018.0,5507.0,9497.0,3378.0
2014-10-16,1916.0,5616.0,8268.0,1811.0,1530.0,61645.0,1731.0,38857.0,4839.0,9254.0,2627.0
2014-10-17,1777.0,5085.0,7371.0,1613.0,1363.0,51686.0,1394.0,32612.0,4538.0,8192.0,2093.0
